Linux 6.17.0-1017-aws (ip-10-42-1-164) 	08/22/26 	_x86_64_	(96 CPU)

02:36:02     CPU    %usr   %nice    %sys %iowait    %irq   %soft  %steal  %guest  %gnice   %idle
02:36:03     all    0.96    0.00    0.05    0.02    0.00    0.00    0.00    0.00    0.00   98.97
02:36:03       0    0.00    0.00    0.00    0.00    0.00    0.00    0.00    0.00    0.00  100.00
02:36:03       1    0.00    0.00    0.00    0.00    0.00    0.00    0.00    0.00    0.00  100.00
02:36:03       2    0.00    0.00    0.00    0.00    0.00    0.00    0.00    0.00    0.00  100.00
02:36:03       3    0.00    0.00    0.00    0.00    0.00    0.00    0.00    0.00    0.00  100.00
02:36:03       4    0.00    0.00    0.00    0.00    0.00    0.00    0.00    0.00    0.00  100.00
02:36:03       5    0.00    0.00    0.00    0.00    0.00    0.00    0.00    0.00    0.00  100.00
02:36:03       6    0.00    0.00    0.00    0.00    0.00    0.00    0.00    0.00    0.00  100.00
02:36:03       7    0.00    0.00    0.00    0.00    0.00    0.00    0.00    0.00    0.00  100.00
02:36:03       8    0.00    0.00    0.00    0.00    0.00    0.00    0.00    0.00    0.00  100.00
02:36:03       9    0.00    0.00    0.00    0.00    0.00    0.00    0.00    0.00    0.00  100.00
02:36:03      10    0.00    0.00    0.00    0.00    0.00    0.00    0.00    0.00    0.00  100.00
02:36:03      11    0.00    0.00    0.00    0.00    0.00    0.00    0.00    0.00    0.00  100.00
02:36:03      12    0.00    0.00    0.00    0.00    0.00    0.00    0.00    0.00    0.00  100.00
02:36:03      13    0.00    0.00    0.00    0.00    0.00    0.00    0.00    0.00    0.00  100.00
02:36:03      14    0.00    0.00    0.00    0.00    0.00    0.00    0.00    0.00    0.00  100.00
02:36:03      15    0.00    0.00    0.99    0.00    0.00    0.00    0.00    0.00    0.00   99.01
02:36:03      16    0.00    0.00    0.00    0.00    0.00    0.00    0.00    0.00    0.00  100.00
02:36:03      17    0.00    0.00    0.00    2.02    0.00    0.00    0.00    0.00    0.00   97.98
02:36:03      18    0.00    0.00    0.00    0.00    0.00    0.00    0.00    0.00    0.00  100.00
02:36:03      19    0.00    0.00    0.00    0.00    0.00    0.00    0.00    0.00    0.00  100.00
02:36:03      20    0.00    0.00    0.00    0.00    0.00    0.00    0.00    0.00    0.00  100.00
02:36:03      21    0.00    0.00    0.00    0.00    0.00    0.00    0.00    0.00    0.00  100.00
02:36:03      22    0.00    0.00    0.00    0.00    0.00    0.00    0.00    0.00    0.00  100.00
02:36:03      23    0.00    0.00    0.00    0.00    0.00    0.00    0.00    0.00    0.00  100.00
02:36:03      24    0.00    0.00    0.00    0.00    0.00    0.00    0.00    0.00    0.00  100.00
02:36:03      25    0.00    0.00    0.00    0.00    0.00    0.00    0.00    0.00    0.00  100.00
02:36:03      26    0.00    0.00    0.00    0.00    0.00    0.00    0.00    0.00    0.00  100.00
02:36:03      27    0.00    0.00    0.00    0.00    0.00    0.00    0.00    0.00    0.00  100.00
02:36:03      28    0.00    0.00    0.00    0.00    0.00    0.00    0.00    0.00    0.00  100.00
02:36:03      29    0.00    0.00    0.00    0.00    0.00    0.00    0.00    0.00    0.00  100.00
02:36:03      30    0.00    0.00    0.00    0.00    0.00    0.00    0.00    0.00    0.00  100.00
02:36:03      31    0.00    0.00    0.00    0.00    0.00    0.00    0.00    0.00    0.00  100.00
02:36:03      32    0.00    0.00    0.00    0.00    0.00    0.00    0.00    0.00    0.00  100.00
02:36:03      33    0.00    0.00    0.00    0.00    0.00    0.00    0.00    0.00    0.00  100.00
02:36:03      34    0.00    0.00    0.00    0.00    0.00    0.00    0.00    0.00    0.00  100.00
02:36:03      35    0.00    0.00    0.00    0.00    0.00    0.00    0.00    0.00    0.00  100.00
02:36:03      36    0.00    0.00    0.00    0.00    0.00    0.00    0.00    0.00    0.00  100.00
02:36:03      37    0.00    0.00    0.00    0.00    0.00    0.00    0.00    0.00    0.00  100.00
02:36:03      38    0.00    0.00    0.00    0.00    0.00    0.00    0.00    0.00    0.00  100.00
02:36:03      39    0.00    0.00    0.00    0.00    0.00    0.00    0.00    0.00    0.00  100.00
02:36:03      40    0.00    0.00    0.00    0.00    0.00    0.00    0.00    0.00    0.00  100.00
02:36:03      41    0.00    0.00    0.00    0.00    0.00    0.00    0.00    0.00    0.00  100.00
02:36:03      42    0.00    0.00    0.00    0.00    0.00    0.00    0.00    0.00    0.00  100.00
02:36:03      43    0.00    0.00    0.00    0.00    0.00    0.00    0.00    0.00    0.00  100.00
02:36:03      44    0.00    0.00    0.00    0.00    0.00    0.00    0.00    0.00    0.00  100.00
02:36:03      45    0.00    0.00    0.00    0.00    0.00    0.00    0.00    0.00    0.00  100.00
02:36:03      46    0.00    0.00    0.00    0.00    0.00    0.00    0.00    0.00    0.00  100.00
02:36:03      47    0.00    0.00    0.00    0.00    0.00    0.00    0.00    0.00    0.00  100.00
02:36:03      48    0.00    0.00    0.00    0.00    0.00    0.00    0.00    0.00    0.00  100.00
02:36:03      49    0.00    0.00    0.00    0.00    0.00    0.00    0.00    0.00    0.00  100.00
02:36:03      50    0.00    0.00    0.00    0.00    0.00    0.00    0.00    0.00    0.00  100.00
02:36:03      51    0.00    0.00    0.00    0.00    0.00    0.00    0.00    0.00    0.00  100.00
02:36:03      52    0.00    0.00    0.00    0.00    0.00    0.00    0.00    0.00    0.00  100.00
02:36:03      53    0.00    0.00    0.00    0.00    0.00    0.00    0.00    0.00    0.00  100.00
02:36:03      54    0.00    0.00    0.00    0.00    0.00    0.00    0.00    0.00    0.00  100.00
02:36:03      55    0.00    0.00    0.00    0.00    0.00    0.00    0.00    0.00    0.00  100.00
02:36:03      56    0.00    0.00    0.00    0.00    0.00    0.00    0.00    0.00    0.00  100.00
02:36:03      57    0.00    0.00    0.00    0.00    0.00    0.00    0.00    0.00    0.00  100.00
02:36:03      58    0.00    0.00    0.00    0.00    0.00    0.00    0.00    0.00    0.00  100.00
02:36:03      59    0.00    0.00    0.00    0.00    0.00    0.00    0.00    0.00    0.00  100.00
02:36:03      60    0.00    0.00    0.00    0.00    0.00    0.00    0.00    0.00    0.00  100.00
02:36:03      61    0.00    0.00    0.00    0.00    0.00    0.00    0.00    0.00    0.00  100.00
02:36:03      62    0.00    0.00    0.00    0.00    0.00    0.00    0.00    0.00    0.00  100.00
02:36:03      63    0.00    0.00    0.00    0.00    0.00    0.00    0.00    0.00    0.00  100.00
02:36:03      64    0.00    0.00    0.00    0.00    0.00    0.00    0.00    0.00    0.00  100.00
02:36:03      65    0.00    0.00    0.00    0.00    0.00    0.00    0.00    0.00    0.00  100.00
02:36:03      66   92.93    0.00    4.04    0.00    0.00    0.00    0.00    0.00    0.00    3.03
02:36:03      67    0.00    0.00    0.00    0.00    0.00    0.00    0.00    0.00    0.00  100.00
02:36:03      68    0.00    0.00    0.00    0.00    0.00    0.00    0.00    0.00    0.00  100.00
02:36:03      69    0.00    0.00    0.00    0.00    0.00    0.00    0.00    0.00    0.00  100.00
02:36:03      70    0.00    0.00    0.00    0.00    0.00    0.00    0.00    0.00    0.00  100.00
02:36:03      71    0.00    0.00    0.00    0.00    0.00    0.00    0.00    0.00    0.00  100.00
02:36:03      72    0.00    0.00    0.00    0.00    0.00    0.00    0.00    0.00    0.00  100.00
02:36:03      73    0.00    0.00    0.00    0.00    0.00    0.00    0.00    0.00    0.00  100.00
02:36:03      74    0.00    0.00    0.00    0.00    0.00    0.00    0.00    0.00    0.00  100.00
02:36:03      75    0.00    0.00    0.00    0.00    0.00    0.00    0.00    0.00    0.00  100.00
02:36:03      76    0.00    0.00    0.00    0.00    0.00    0.00    0.00    0.00    0.00  100.00
02:36:03      77    0.00    0.00    0.00    0.00    0.00    0.00    0.00    0.00    0.00  100.00
02:36:03      78    0.00    0.00    0.00    0.00    0.00    0.00    0.00    0.00    0.00  100.00
02:36:03      79    0.00    0.00    0.00    0.00    0.00    0.00    0.00    0.00    0.00  100.00
02:36:03      80    0.00    0.00    0.00    0.00    0.00    0.00    0.00    0.00    0.00  100.00
02:36:03      81    0.00    0.00    0.00    0.00    0.00    0.00    0.00    0.00    0.00  100.00
02:36:03      82    0.00    0.00    0.00    0.00    0.00    0.00    0.00    0.00    0.00  100.00
02:36:03      83    0.00    0.00    0.00    0.00    0.00    0.00    0.00    0.00    0.00  100.00
02:36:03      84    0.00    0.00    0.00    0.00    0.00    0.00    0.00    0.00    0.00  100.00
02:36:03      85    0.00    0.00    0.00    0.00    0.00    0.00    0.00    0.00    0.00  100.00
02:36:03      86    0.00    0.00    0.00    0.00    0.00    0.00    0.00    0.00    0.00  100.00
02:36:03      87    0.00    0.00    0.00    0.00    0.00    0.00    0.00    0.00    0.00  100.00
02:36:03      88    0.00    0.00    0.00    0.00    0.00    0.00    0.00    0.00    0.00  100.00
02:36:03      89    0.00    0.00    0.00    0.00    0.00    0.00    0.00    0.00    0.00  100.00
02:36:03      90    0.00    0.00    0.00    0.00    0.00    0.00    0.00    0.00    0.00  100.00
02:36:03      91    0.00    0.00    0.00    0.00    0.00    0.00    0.00    0.00    0.00  100.00
02:36:03      92    0.00    0.00    0.00    0.00    0.00    0.00    0.00    0.00    0.00  100.00
02:36:03      93    0.00    0.00    0.00    0.00    0.00    0.00    0.00    0.00    0.00  100.00
02:36:03      94    0.00    0.00    0.00    0.00    0.00    0.00    0.00    0.00    0.00  100.00
02:36:03      95    0.00    0.00    0.00    0.00    0.00    0.00    0.00    0.00    0.00  100.00

02:36:03     CPU    %usr   %nice    %sys %iowait    %irq   %soft  %steal  %guest  %gnice   %idle
02:36:04     all    1.04    0.00    0.00    0.00    0.00    0.00    0.00    0.00    0.00   98.96
02:36:04       0    0.00    0.00    0.00    0.00    0.00    0.00    0.00    0.00    0.00  100.00
02:36:04       1    0.00    0.00    0.00    0.00    0.00    0.00    0.00    0.00    0.00  100.00
02:36:04       2    0.00    0.00    0.00    0.00    0.00    0.00    0.00    0.00    0.00  100.00
02:36:04       3    0.00    0.00    0.00    0.00    0.00    0.00    0.00    0.00    0.00  100.00
02:36:04       4    0.00    0.00    0.00    0.00    0.00    0.00    0.00    0.00    0.00  100.00
02:36:04       5    0.00    0.00    0.00    0.00    0.00    0.00    0.00    0.00    0.00  100.00
02:36:04       6    0.00    0.00    0.00    0.00    0.00    0.00    0.00    0.00    0.00  100.00
02:36:04       7    0.00    0.00    0.00    0.00    0.00    0.00    0.00    0.00    0.00  100.00
02:36:04       8    0.00    0.00    0.00    0.00    0.00    0.00    0.00    0.00    0.00  100.00
02:36:04       9    0.00    0.00    0.00    0.00    0.00    0.00    0.00    0.00    0.00  100.00
02:36:04      10    0.00    0.00    0.00    0.00    0.00    0.00    0.00    0.00    0.00  100.00
02:36:04      11    0.00    0.00    0.00    0.00    0.00    0.00    0.00    0.00    0.00  100.00
02:36:04      12    0.00    0.00    0.00    0.00    0.00    0.00    0.00    0.00    0.00  100.00
02:36:04      13    0.00    0.00    0.00    0.00    0.00    0.00    0.00    0.00    0.00  100.00
02:36:04      14    0.00    0.00    0.00    0.00    0.00    0.00    0.00    0.00    0.00  100.00
02:36:04      15    0.00    0.00    0.00    0.00    0.00    0.00    0.00    0.00    0.00  100.00
02:36:04      16    0.00    0.00    0.00    0.00    0.00    0.00    0.00    0.00    0.00  100.00
02:36:04      17    0.00    0.00    0.00    0.00    0.00    0.00    0.00    0.00    0.00  100.00
02:36:04      18    0.00    0.00    0.00    0.00    0.00    0.00    0.00    0.00    0.00  100.00
02:36:04      19    0.00    0.00    0.00    0.00    0.00    0.00    0.00    0.00    0.00  100.00
02:36:04      20    0.00    0.00    0.00    0.00    0.00    0.00    0.00    0.00    0.00  100.00
02:36:04      21    0.00    0.00    0.00    0.00    0.00    0.00    0.00    0.00    0.00  100.00
02:36:04      22    0.00    0.00    0.00    0.00    0.00    0.00    0.00    0.00    0.00  100.00
02:36:04      23    0.00    0.00    0.00    0.00    0.00    0.00    0.00    0.00    0.00  100.00
02:36:04      24    0.00    0.00    0.00    0.00    0.00    0.00    0.00    0.00    0.00  100.00
02:36:04      25    0.00    0.00    0.00    0.00    0.00    0.00    0.00    0.00    0.00  100.00
02:36:04      26    0.00    0.00    0.00    0.00    0.00    0.00    0.00    0.00    0.00  100.00
02:36:04      27    0.00    0.00    0.00    0.00    0.00    0.00    0.00    0.00    0.00  100.00
02:36:04      28    0.00    0.00    0.00    0.00    0.00    0.00    0.00    0.00    0.00  100.00
02:36:04      29    0.00    0.00    0.00    0.00    0.00    0.00    0.00    0.00    0.00  100.00
02:36:04      30    0.00    0.00    0.00    0.00    0.00    0.00    0.00    0.00    0.00  100.00
02:36:04      31    0.00    0.00    0.00    0.00    0.00    0.00    0.00    0.00    0.00  100.00
02:36:04      32    0.00    0.00    0.00    0.00    0.00    0.00    0.00    0.00    0.00  100.00
02:36:04      33    0.00    0.00    0.00    0.00    0.00    0.00    0.00    0.00    0.00  100.00
02:36:04      34    0.00    0.00    0.00    0.00    0.00    0.00    0.00    0.00    0.00  100.00
02:36:04      35    0.00    0.00    0.00    0.00    0.00    0.00    0.00    0.00    0.00  100.00
02:36:04      36    0.00    0.00    0.00    0.00    0.00    0.00    0.00    0.00    0.00  100.00
02:36:04      37    0.00    0.00    0.00    0.00    0.00    0.00    0.00    0.00    0.00  100.00
02:36:04      38    0.00    0.00    0.00    0.00    0.00    0.00    0.00    0.00    0.00  100.00
02:36:04      39    0.00    0.00    0.00    0.00    0.00    0.00    0.00    0.00    0.00  100.00
02:36:04      40    0.00    0.00    0.00    0.00    0.00    0.00    0.00    0.00    0.00  100.00
02:36:04      41    0.00    0.00    0.00    0.00    0.00    0.00    0.00    0.00    0.00  100.00
02:36:04      42    0.00    0.00    0.00    0.00    0.00    0.00    0.00    0.00    0.00  100.00
02:36:04      43    0.00    0.00    0.00    0.00    0.00    0.00    0.00    0.00    0.00  100.00
02:36:04      44    0.00    0.00    0.00    0.00    0.00    0.00    0.00    0.00    0.00  100.00
02:36:04      45    0.00    0.00    0.00    0.00    0.00    0.00    0.00    0.00    0.00  100.00
02:36:04      46    0.00    0.00    0.00    0.00    0.00    0.00    0.00    0.00    0.00  100.00
02:36:04      47    0.00    0.00    0.00    0.00    0.00    0.00    0.00    0.00    0.00  100.00
02:36:04      48    0.00    0.00    0.00    0.00    0.00    0.00    0.00    0.00    0.00  100.00
02:36:04      49    0.00    0.00    0.00    0.00    0.00    0.00    0.00    0.00    0.00  100.00
02:36:04      50    0.00    0.00    0.00    0.00    0.00    0.00    0.00    0.00    0.00  100.00
02:36:04      51    0.00    0.00    0.00    0.00    0.00    0.00    0.00    0.00    0.00  100.00
02:36:04      52    0.00    0.00    0.00    0.00    0.00    0.00    0.00    0.00    0.00  100.00
02:36:04      53    0.00    0.00    0.00    0.00    0.00    0.00    0.00    0.00    0.00  100.00
02:36:04      54    0.00    0.00    0.00    0.00    0.00    0.00    0.00    0.00    0.00  100.00
02:36:04      55    0.00    0.00    0.00    0.00    0.00    0.00    0.00    0.00    0.00  100.00
02:36:04      56    0.00    0.00    0.00    0.00    0.00    0.00    0.00    0.00    0.00  100.00
02:36:04      57    0.00    0.00    0.00    0.00    0.00    0.00    0.00    0.00    0.00  100.00
02:36:04      58    0.00    0.00    0.00    0.00    0.00    0.00    0.00    0.00    0.00  100.00
02:36:04      59    0.00    0.00    0.00    0.00    0.00    0.00    0.00    0.00    0.00  100.00
02:36:04      60    0.00    0.00    0.00    0.00    0.00    0.00    0.00    0.00    0.00  100.00
02:36:04      61    0.00    0.00    0.00    0.00    0.00    0.00    0.00    0.00    0.00  100.00
02:36:04      62    0.00    0.00    0.00    0.00    0.00    0.00    0.00    0.00    0.00  100.00
02:36:04      63    0.00    0.00    0.00    0.00    0.00    0.00    0.00    0.00    0.00  100.00
02:36:04      64    0.00    0.00    0.00    0.00    0.00    0.00    0.00    0.00    0.00  100.00
02:36:04      65    0.00    0.00    0.00    0.00    0.00    0.00    0.00    0.00    0.00  100.00
02:36:04      66  100.00    0.00    0.00    0.00    0.00    0.00    0.00    0.00    0.00    0.00
02:36:04      67    0.00    0.00    0.00    0.00    0.00    0.00    0.00    0.00    0.00  100.00
02:36:04      68    0.00    0.00    0.00    0.00    0.00    0.00    0.00    0.00    0.00  100.00
02:36:04      69    0.00    0.00    0.00    0.00    0.00    0.00    0.00    0.00    0.00  100.00
02:36:04      70    0.00    0.00    0.00    0.00    0.00    0.00    0.00    0.00    0.00  100.00
02:36:04      71    0.00    0.00    0.00    0.00    0.00    0.00    0.00    0.00    0.00  100.00
02:36:04      72    0.00    0.00    0.00    0.00    0.00    0.00    0.00    0.00    0.00  100.00
02:36:04      73    0.00    0.00    0.00    0.00    0.00    0.00    0.00    0.00    0.00  100.00
02:36:04      74    0.00    0.00    0.00    0.00    0.00    0.00    0.00    0.00    0.00  100.00
02:36:04      75    0.00    0.00    0.00    0.00    0.00    0.00    0.00    0.00    0.00  100.00
02:36:04      76    0.00    0.00    0.00    0.00    0.00    0.00    0.00    0.00    0.00  100.00
02:36:04      77    0.00    0.00    0.00    0.00    0.00    0.00    0.00    0.00    0.00  100.00
02:36:04      78    0.00    0.00    0.00    0.00    0.00    0.00    0.00    0.00    0.00  100.00
02:36:04      79    0.00    0.00    0.00    0.00    0.00    0.00    0.00    0.00    0.00  100.00
02:36:04      80    0.00    0.00    0.00    0.00    0.00    0.00    0.00    0.00    0.00  100.00
02:36:04      81    0.00    0.00    0.00    0.00    0.00    0.00    0.00    0.00    0.00  100.00
02:36:04      82    0.00    0.00    0.00    0.00    0.00    0.00    0.00    0.00    0.00  100.00
02:36:04      83    0.00    0.00    0.00    0.00    0.00    0.00    0.00    0.00    0.00  100.00
02:36:04      84    0.00    0.00    0.00    0.00    0.00    0.00    0.00    0.00    0.00  100.00
02:36:04      85    0.00    0.00    0.00    0.00    0.00    0.00    0.00    0.00    0.00  100.00
02:36:04      86    0.00    0.00    0.00    0.00    0.00    0.00    0.00    0.00    0.00  100.00
02:36:04      87    0.00    0.00    0.00    0.00    0.00    0.00    0.00    0.00    0.00  100.00
02:36:04      88    0.00    0.00    0.00    0.00    0.00    0.00    0.00    0.00    0.00  100.00
02:36:04      89    0.00    0.00    0.00    0.00    0.00    0.00    0.00    0.00    0.00  100.00
02:36:04      90    0.00    0.00    0.00    0.00    0.00    0.00    0.00    0.00    0.00  100.00
02:36:04      91    0.00    0.00    0.00    0.00    0.00    0.00    0.00    0.00    0.00  100.00
02:36:04      92    0.00    0.00    0.00    0.00    0.00    0.00    0.00    0.00    0.00  100.00
02:36:04      93    0.00    0.00    0.00    0.00    0.00    0.00    0.00    0.00    0.00  100.00
02:36:04      94    0.00    0.00    0.00    0.00    0.00    0.00    0.00    0.00    0.00  100.00
02:36:04      95    0.00    0.00    0.00    0.00    0.00    0.00    0.00    0.00    0.00  100.00

02:36:04     CPU    %usr   %nice    %sys %iowait    %irq   %soft  %steal  %guest  %gnice   %idle
02:36:05     all    1.03    0.00    0.01    0.00    0.00    0.00    0.00    0.00    0.00   98.96
02:36:05       0    0.00    0.00    0.00    0.00    0.00    0.00    0.00    0.00    0.00  100.00
02:36:05       1    0.00    0.00    0.00    0.00    0.00    0.00    0.00    0.00    0.00  100.00
02:36:05       2    0.00    0.00    0.00    0.00    0.00    0.00    0.00    0.00    0.00  100.00
02:36:05       3    0.00    0.00    0.00    0.00    0.00    0.00    0.00    0.00    0.00  100.00
02:36:05       4    0.00    0.00    0.00    0.00    0.00    0.00    0.00    0.00    0.00  100.00
02:36:05       5    0.00    0.00    0.00    0.00    0.00    0.00    0.00    0.00    0.00  100.00
02:36:05       6    0.00    0.00    0.00    0.00    0.00    0.00    0.00    0.00    0.00  100.00
02:36:05       7    0.00    0.00    0.00    0.00    0.00    0.00    0.00    0.00    0.00  100.00
02:36:05       8    0.00    0.00    0.00    0.00    0.00    0.00    0.00    0.00    0.00  100.00
02:36:05       9    0.00    0.00    0.00    0.00    0.00    0.00    0.00    0.00    0.00  100.00
02:36:05      10    0.00    0.00    0.00    0.00    0.00    0.00    0.00    0.00    0.00  100.00
02:36:05      11    0.00    0.00    0.00    0.00    0.00    0.00    0.00    0.00    0.00  100.00
02:36:05      12    0.00    0.00    0.00    0.00    0.00    0.00    0.00    0.00    0.00  100.00
02:36:05      13    0.00    0.00    0.00    0.00    0.00    0.00    0.00    0.00    0.00  100.00
02:36:05      14    0.00    0.00    0.00    0.00    0.00    0.00    0.00    0.00    0.00  100.00
02:36:05      15    0.00    0.00    0.00    0.00    0.00    0.00    0.00    0.00    0.00  100.00
02:36:05      16    0.00    0.00    0.00    0.00    0.00    0.00    0.00    0.00    0.00  100.00
02:36:05      17    0.00    0.00    0.00    0.00    0.00    0.00    0.00    0.00    0.00  100.00
02:36:05      18    0.00    0.00    0.00    0.00    0.00    0.00    0.00    0.00    0.00  100.00
02:36:05      19    0.00    0.00    0.00    0.00    0.00    0.00    0.00    0.00    0.00  100.00
02:36:05      20    0.00    0.00    0.00    0.00    0.00    0.00    0.00    0.00    0.00  100.00
02:36:05      21    0.00    0.00    0.00    0.00    0.00    0.00    0.00    0.00    0.00  100.00
02:36:05      22    0.00    0.00    0.00    0.00    0.00    0.00    0.00    0.00    0.00  100.00
02:36:05      23    0.00    0.00    0.00    0.00    0.00    0.00    0.00    0.00    0.00  100.00
02:36:05      24    0.00    0.00    0.00    0.00    0.00    0.00    0.00    0.00    0.00  100.00
02:36:05      25    0.00    0.00    0.00    0.00    0.00    0.00    0.00    0.00    0.00  100.00
02:36:05      26    0.00    0.00    0.00    0.00    0.00    0.00    0.00    0.00    0.00  100.00
02:36:05      27    0.00    0.00    0.00    0.00    0.00    0.00    0.00    0.00    0.00  100.00
02:36:05      28    0.00    0.00    0.00    0.00    0.00    0.00    0.00    0.00    0.00  100.00
02:36:05      29    0.00    0.00    0.00    0.00    0.00    0.00    0.00    0.00    0.00  100.00
02:36:05      30    0.00    0.00    0.00    0.00    0.00    0.00    0.00    0.00    0.00  100.00
02:36:05      31    0.00    0.00    0.00    0.00    0.00    0.00    0.00    0.00    0.00  100.00
02:36:05      32    0.00    0.00    0.00    0.00    0.00    0.00    0.00    0.00    0.00  100.00
02:36:05      33    0.00    0.00    0.00    0.00    0.00    0.00    0.00    0.00    0.00  100.00
02:36:05      34    0.00    0.00    0.00    0.00    0.00    0.00    0.00    0.00    0.00  100.00
02:36:05      35    0.00    0.00    0.00    0.00    0.00    0.00    0.00    0.00    0.00  100.00
02:36:05      36    0.00    0.00    0.00    0.00    0.00    0.00    0.00    0.00    0.00  100.00
02:36:05      37    0.00    0.00    0.00    0.00    0.00    0.00    0.00    0.00    0.00  100.00
02:36:05      38    0.00    0.00    0.00    0.00    0.00    0.00    0.00    0.00    0.00  100.00
02:36:05      39    0.00    0.00    0.00    0.00    0.00    0.00    0.00    0.00    0.00  100.00
02:36:05      40    0.00    0.00    0.00    0.00    0.00    0.00    0.00    0.00    0.00  100.00
02:36:05      41    0.00    0.00    0.00    0.00    0.00    0.00    0.00    0.00    0.00  100.00
02:36:05      42    0.00    0.00    0.00    0.00    0.00    0.00    0.00    0.00    0.00  100.00
02:36:05      43    0.00    0.00    0.00    0.00    0.00    0.00    0.00    0.00    0.00  100.00
02:36:05      44    0.00    0.00    0.00    0.00    0.00    0.00    0.00    0.00    0.00  100.00
02:36:05      45    0.00    0.00    0.00    0.00    0.00    0.00    0.00    0.00    0.00  100.00
02:36:05      46    0.00    0.00    0.00    0.00    0.00    0.00    0.00    0.00    0.00  100.00
02:36:05      47    0.00    0.00    0.00    0.00    0.00    0.00    0.00    0.00    0.00  100.00
02:36:05      48    0.00    0.00    0.00    0.00    0.00    0.00    0.00    0.00    0.00  100.00
02:36:05      49    0.00    0.00    0.00    0.00    0.00    0.00    0.00    0.00    0.00  100.00
02:36:05      50    0.00    0.00    0.00    0.00    0.00    0.00    0.00    0.00    0.00  100.00
02:36:05      51    0.00    0.00    0.00    0.00    0.00    0.00    0.00    0.00    0.00  100.00
02:36:05      52    0.00    0.00    0.00    0.00    0.00    0.00    0.00    0.00    0.00  100.00
02:36:05      53    0.00    0.00    0.00    0.00    0.00    0.00    0.00    0.00    0.00  100.00
02:36:05      54    0.00    0.00    0.00    0.00    0.00    0.00    0.00    0.00    0.00  100.00
02:36:05      55    0.00    0.00    0.00    0.00    0.00    0.00    0.00    0.00    0.00  100.00
02:36:05      56    0.00    0.00    0.00    0.00    0.00    0.00    0.00    0.00    0.00  100.00
02:36:05      57    0.00    0.00    0.00    0.00    0.00    0.00    0.00    0.00    0.00  100.00
02:36:05      58    0.00    0.00    0.00    0.00    0.00    0.00    0.00    0.00    0.00  100.00
02:36:05      59    0.00    0.00    0.00    0.00    0.00    0.00    0.00    0.00    0.00  100.00
02:36:05      60    0.00    0.00    0.00    0.00    0.00    0.00    0.00    0.00    0.00  100.00
02:36:05      61    0.00    0.00    0.00    0.00    0.00    0.00    0.00    0.00    0.00  100.00
02:36:05      62    0.00    0.00    0.00    0.00    0.00    0.00    0.00    0.00    0.00  100.00
02:36:05      63    0.00    0.00    0.00    0.00    0.00    0.00    0.00    0.00    0.00  100.00
02:36:05      64    0.00    0.00    0.00    0.00    0.00    0.00    0.00    0.00    0.00  100.00
02:36:05      65    0.00    0.00    0.00    0.00    0.00    0.00    0.00    0.00    0.00  100.00
02:36:05      66   99.00    0.00    1.00    0.00    0.00    0.00    0.00    0.00    0.00    0.00
02:36:05      67    0.00    0.00    0.00    0.00    0.00    0.00    0.00    0.00    0.00  100.00
02:36:05      68    0.00    0.00    0.00    0.00    0.00    0.00    0.00    0.00    0.00  100.00
02:36:05      69    0.00    0.00    0.00    0.00    0.00    0.00    0.00    0.00    0.00  100.00
02:36:05      70    0.00    0.00    0.00    0.00    0.00    0.00    0.00    0.00    0.00  100.00
02:36:05      71    0.00    0.00    0.00    0.00    0.00    0.00    0.00    0.00    0.00  100.00
02:36:05      72    0.00    0.00    0.00    0.00    0.00    0.00    0.00    0.00    0.00  100.00
02:36:05      73    0.00    0.00    0.00    0.00    0.00    0.00    0.00    0.00    0.00  100.00
02:36:05      74    0.00    0.00    0.00    0.00    0.00    0.00    0.00    0.00    0.00  100.00
02:36:05      75    0.00    0.00    0.00    0.00    0.00    0.00    0.00    0.00    0.00  100.00
02:36:05      76    0.00    0.00    0.00    0.00    0.00    0.00    0.00    0.00    0.00  100.00
02:36:05      77    0.00    0.00    0.00    0.00    0.00    0.00    0.00    0.00    0.00  100.00
02:36:05      78    0.00    0.00    0.00    0.00    0.00    0.00    0.00    0.00    0.00  100.00
02:36:05      79    0.00    0.00    0.00    0.00    0.00    0.00    0.00    0.00    0.00  100.00
02:36:05      80    0.00    0.00    0.00    0.00    0.00    0.00    0.00    0.00    0.00  100.00
02:36:05      81    0.00    0.00    0.00    0.00    0.00    0.00    0.00    0.00    0.00  100.00
02:36:05      82    0.00    0.00    0.00    0.00    0.00    0.00    0.00    0.00    0.00  100.00
02:36:05      83    0.00    0.00    0.00    0.00    0.00    0.00    0.00    0.00    0.00  100.00
02:36:05      84    0.00    0.00    0.00    0.00    0.00    0.00    0.00    0.00    0.00  100.00
02:36:05      85    0.00    0.00    0.00    0.00    0.00    0.00    0.00    0.00    0.00  100.00
02:36:05      86    0.00    0.00    0.00    0.00    0.00    0.00    0.00    0.00    0.00  100.00
02:36:05      87    0.00    0.00    0.00    0.00    0.00    0.00    0.00    0.00    0.00  100.00
02:36:05      88    0.00    0.00    0.00    0.00    0.00    0.00    0.00    0.00    0.00  100.00
02:36:05      89    0.00    0.00    0.00    0.00    0.00    0.00    0.00    0.00    0.00  100.00
02:36:05      90    0.00    0.00    0.00    0.00    0.00    0.00    0.00    0.00    0.00  100.00
02:36:05      91    0.00    0.00    0.00    0.00    0.00    0.00    0.00    0.00    0.00  100.00
02:36:05      92    0.00    0.00    0.00    0.00    0.00    0.00    0.00    0.00    0.00  100.00
02:36:05      93    0.00    0.00    0.00    0.00    0.00    0.00    0.00    0.00    0.00  100.00
02:36:05      94    0.00    0.00    0.00    0.00    0.00    0.00    0.00    0.00    0.00  100.00
02:36:05      95    0.00    0.00    0.00    0.00    0.00    0.00    0.00    0.00    0.00  100.00

02:36:05     CPU    %usr   %nice    %sys %iowait    %irq   %soft  %steal  %guest  %gnice   %idle
02:36:06     all    1.04    0.00    0.00    0.00    0.00    0.00    0.00    0.00    0.00   98.96
02:36:06       0    0.00    0.00    0.00    0.00    0.00    0.00    0.00    0.00    0.00  100.00
02:36:06       1    0.00    0.00    0.00    0.00    0.00    0.00    0.00    0.00    0.00  100.00
02:36:06       2    0.00    0.00    0.00    0.00    0.00    0.00    0.00    0.00    0.00  100.00
02:36:06       3    0.00    0.00    0.00    0.00    0.00    0.00    0.00    0.00    0.00  100.00
02:36:06       4    0.00    0.00    0.00    0.00    0.00    0.00    0.00    0.00    0.00  100.00
02:36:06       5    0.00    0.00    0.00    0.00    0.00    0.00    0.00    0.00    0.00  100.00
02:36:06       6    0.00    0.00    0.00    0.00    0.00    0.00    0.00    0.00    0.00  100.00
02:36:06       7    0.00    0.00    0.00    0.00    0.00    0.00    0.00    0.00    0.00  100.00
02:36:06       8    0.00    0.00    0.00    0.00    0.00    0.00    0.00    0.00    0.00  100.00
02:36:06       9    0.00    0.00    0.00    0.00    0.00    0.00    0.00    0.00    0.00  100.00
02:36:06      10    0.00    0.00    0.00    0.00    0.00    0.00    0.00    0.00    0.00  100.00
02:36:06      11    0.00    0.00    0.00    0.00    0.00    0.00    0.00    0.00    0.00  100.00
02:36:06      12    0.00    0.00    0.00    0.00    0.00    0.00    0.00    0.00    0.00  100.00
02:36:06      13    0.00    0.00    0.00    0.00    0.00    0.00    0.00    0.00    0.00  100.00
02:36:06      14    0.00    0.00    0.00    0.00    0.00    0.00    0.00    0.00    0.00  100.00
02:36:06      15    0.00    0.00    0.00    0.00    0.00    0.00    0.00    0.00    0.00  100.00
02:36:06      16    0.00    0.00    0.00    0.00    0.00    0.00    0.00    0.00    0.00  100.00
02:36:06      17    0.00    0.00    0.00    0.00    0.00    0.00    0.00    0.00    0.00  100.00
02:36:06      18    0.00    0.00    0.00    0.00    0.00    0.00    0.00    0.00    0.00  100.00
02:36:06      19    0.00    0.00    0.00    0.00    0.00    0.00    0.00    0.00    0.00  100.00
02:36:06      20    0.00    0.00    0.00    0.00    0.00    0.00    0.00    0.00    0.00  100.00
02:36:06      21    0.00    0.00    0.00    0.00    0.00    0.00    0.00    0.00    0.00  100.00
02:36:06      22    0.00    0.00    0.00    0.00    0.00    0.00    0.00    0.00    0.00  100.00
02:36:06      23    0.00    0.00    0.00    0.00    0.00    0.00    0.00    0.00    0.00  100.00
02:36:06      24    0.00    0.00    0.00    0.00    0.00    0.00    0.00    0.00    0.00  100.00
02:36:06      25    0.00    0.00    0.00    0.00    0.00    0.00    0.00    0.00    0.00  100.00
02:36:06      26    0.00    0.00    0.00    0.00    0.00    0.00    0.00    0.00    0.00  100.00
02:36:06      27    0.00    0.00    0.00    0.00    0.00    0.00    0.00    0.00    0.00  100.00
02:36:06      28    0.00    0.00    0.00    0.00    0.00    0.00    0.00    0.00    0.00  100.00
02:36:06      29    0.00    0.00    0.00    0.00    0.00    0.00    0.00    0.00    0.00  100.00
02:36:06      30    0.00    0.00    0.00    0.00    0.00    0.00    0.00    0.00    0.00  100.00
02:36:06      31    0.00    0.00    0.00    0.00    0.00    0.00    0.00    0.00    0.00  100.00
02:36:06      32    0.00    0.00    0.00    0.00    0.00    0.00    0.00    0.00    0.00  100.00
02:36:06      33    0.00    0.00    0.00    0.00    0.00    0.00    0.00    0.00    0.00  100.00
02:36:06      34    0.00    0.00    0.00    0.00    0.00    0.00    0.00    0.00    0.00  100.00
02:36:06      35    0.00    0.00    0.00    0.00    0.00    0.00    0.00    0.00    0.00  100.00
02:36:06      36    0.00    0.00    0.00    0.00    0.00    0.00    0.00    0.00    0.00  100.00
02:36:06      37    0.00    0.00    0.00    0.00    0.00    0.00    0.00    0.00    0.00  100.00
02:36:06      38    0.00    0.00    0.00    0.00    0.00    0.00    0.00    0.00    0.00  100.00
02:36:06      39    0.00    0.00    0.00    0.00    0.00    0.00    0.00    0.00    0.00  100.00
02:36:06      40    0.00    0.00    0.00    0.00    0.00    0.00    0.00    0.00    0.00  100.00
02:36:06      41    0.00    0.00    0.00    0.00    0.00    0.00    0.00    0.00    0.00  100.00
02:36:06      42    0.00    0.00    0.00    0.00    0.00    0.00    0.00    0.00    0.00  100.00
02:36:06      43    0.00    0.00    0.00    0.00    0.00    0.00    0.00    0.00    0.00  100.00
02:36:06      44    0.00    0.00    0.00    0.00    0.00    0.00    0.00    0.00    0.00  100.00
02:36:06      45    0.00    0.00    0.00    0.00    0.00    0.00    0.00    0.00    0.00  100.00
02:36:06      46    0.00    0.00    0.00    0.00    0.00    0.00    0.00    0.00    0.00  100.00
02:36:06      47    0.00    0.00    0.00    0.00    0.00    0.00    0.00    0.00    0.00  100.00
02:36:06      48    0.00    0.00    0.00    0.00    0.00    0.00    0.00    0.00    0.00  100.00
02:36:06      49    0.00    0.00    0.00    0.00    0.00    0.00    0.00    0.00    0.00  100.00
02:36:06      50    0.00    0.00    0.00    0.00    0.00    0.00    0.00    0.00    0.00  100.00
02:36:06      51    0.00    0.00    0.00    0.00    0.00    0.00    0.00    0.00    0.00  100.00
02:36:06      52    0.00    0.00    0.00    0.00    0.00    0.00    0.00    0.00    0.00  100.00
02:36:06      53    0.00    0.00    0.00    0.00    0.00    0.00    0.00    0.00    0.00  100.00
02:36:06      54    0.00    0.00    0.00    0.00    0.00    0.00    0.00    0.00    0.00  100.00
02:36:06      55    0.00    0.00    0.00    0.00    0.00    0.00    0.00    0.00    0.00  100.00
02:36:06      56    0.00    0.00    0.00    0.00    0.00    0.00    0.00    0.00    0.00  100.00
02:36:06      57    0.00    0.00    0.00    0.00    0.00    0.00    0.00    0.00    0.00  100.00
02:36:06      58    0.00    0.00    0.00    0.00    0.00    0.00    0.00    0.00    0.00  100.00
02:36:06      59    0.00    0.00    0.00    0.00    0.00    0.00    0.00    0.00    0.00  100.00
02:36:06      60    0.00    0.00    0.00    0.00    0.00    0.00    0.00    0.00    0.00  100.00
02:36:06      61    0.00    0.00    0.00    0.00    0.00    0.00    0.00    0.00    0.00  100.00
02:36:06      62    0.00    0.00    0.00    0.00    0.00    0.00    0.00    0.00    0.00  100.00
02:36:06      63    0.00    0.00    0.00    0.00    0.00    0.00    0.00    0.00    0.00  100.00
02:36:06      64    0.00    0.00    0.00    0.00    0.00    0.00    0.00    0.00    0.00  100.00
02:36:06      65    0.00    0.00    0.00    0.00    0.00    0.00    0.00    0.00    0.00  100.00
02:36:06      66  100.00    0.00    0.00    0.00    0.00    0.00    0.00    0.00    0.00    0.00
02:36:06      67    0.00    0.00    0.00    0.00    0.00    0.00    0.00    0.00    0.00  100.00
02:36:06      68    0.00    0.00    0.00    0.00    0.00    0.00    0.00    0.00    0.00  100.00
02:36:06      69    0.00    0.00    0.00    0.00    0.00    0.00    0.00    0.00    0.00  100.00
02:36:06      70    0.00    0.00    0.00    0.00    0.00    0.00    0.00    0.00    0.00  100.00
02:36:06      71    0.00    0.00    0.00    0.00    0.00    0.00    0.00    0.00    0.00  100.00
02:36:06      72    0.00    0.00    0.00    0.00    0.00    0.00    0.00    0.00    0.00  100.00
02:36:06      73    0.00    0.00    0.00    0.00    0.00    0.00    0.00    0.00    0.00  100.00
02:36:06      74    0.00    0.00    0.00    0.00    0.00    0.00    0.00    0.00    0.00  100.00
02:36:06      75    0.00    0.00    0.00    0.00    0.00    0.00    0.00    0.00    0.00  100.00
02:36:06      76    0.00    0.00    0.00    0.00    0.00    0.00    0.00    0.00    0.00  100.00
02:36:06      77    0.00    0.00    0.00    0.00    0.00    0.00    0.00    0.00    0.00  100.00
02:36:06      78    0.00    0.00    0.00    0.00    0.00    0.00    0.00    0.00    0.00  100.00
02:36:06      79    0.00    0.00    0.00    0.00    0.00    0.00    0.00    0.00    0.00  100.00
02:36:06      80    0.00    0.00    0.00    0.00    0.00    0.00    0.00    0.00    0.00  100.00
02:36:06      81    0.00    0.00    0.00    0.00    0.00    0.00    0.00    0.00    0.00  100.00
02:36:06      82    0.00    0.00    0.00    0.00    0.00    0.00    0.00    0.00    0.00  100.00
02:36:06      83    0.00    0.00    0.00    0.00    0.00    0.00    0.00    0.00    0.00  100.00
02:36:06      84    0.00    0.00    0.00    0.00    0.00    0.00    0.00    0.00    0.00  100.00
02:36:06      85    0.00    0.00    0.00    0.00    0.00    0.00    0.00    0.00    0.00  100.00
02:36:06      86    0.00    0.00    0.00    0.00    0.00    0.00    0.00    0.00    0.00  100.00
02:36:06      87    0.00    0.00    0.00    0.00    0.00    0.00    0.00    0.00    0.00  100.00
02:36:06      88    0.00    0.00    0.00    0.00    0.00    0.00    0.00    0.00    0.00  100.00
02:36:06      89    0.00    0.00    0.00    0.00    0.00    0.00    0.00    0.00    0.00  100.00
02:36:06      90    0.00    0.00    0.00    0.00    0.00    0.00    0.00    0.00    0.00  100.00
02:36:06      91    0.00    0.00    0.00    0.00    0.00    0.00    0.00    0.00    0.00  100.00
02:36:06      92    0.00    0.00    0.00    0.00    0.00    0.00    0.00    0.00    0.00  100.00
02:36:06      93    0.00    0.00    0.00    0.00    0.00    0.00    0.00    0.00    0.00  100.00
02:36:06      94    0.00    0.00    0.00    0.00    0.00    0.00    0.00    0.00    0.00  100.00
02:36:06      95    0.00    0.00    0.00    0.00    0.00    0.00    0.00    0.00    0.00  100.00

02:36:06     CPU    %usr   %nice    %sys %iowait    %irq   %soft  %steal  %guest  %gnice   %idle
02:36:07     all    1.04    0.00    0.00    0.00    0.00    0.00    0.00    0.00    0.00   98.96
02:36:07       0    0.00    0.00    0.00    0.00    0.00    0.00    0.00    0.00    0.00  100.00
02:36:07       1    0.00    0.00    0.00    0.00    0.00    0.00    0.00    0.00    0.00  100.00
02:36:07       2    0.00    0.00    0.00    0.00    0.00    0.00    0.00    0.00    0.00  100.00
02:36:07       3    0.00    0.00    0.00    0.00    0.00    0.00    0.00    0.00    0.00  100.00
02:36:07       4    0.00    0.00    0.00    0.00    0.00    0.00    0.00    0.00    0.00  100.00
02:36:07       5    0.00    0.00    0.00    0.00    0.00    0.00    0.00    0.00    0.00  100.00
02:36:07       6    0.00    0.00    0.00    0.00    0.00    0.00    0.00    0.00    0.00  100.00
02:36:07       7    0.00    0.00    0.00    0.00    0.00    0.00    0.00    0.00    0.00  100.00
02:36:07       8    0.00    0.00    0.00    0.00    0.00    0.00    0.00    0.00    0.00  100.00
02:36:07       9    0.00    0.00    0.00    0.00    0.00    0.00    0.00    0.00    0.00  100.00
02:36:07      10    0.00    0.00    0.00    0.00    0.00    0.00    0.00    0.00    0.00  100.00
02:36:07      11    0.00    0.00    0.00    0.00    0.00    0.00    0.00    0.00    0.00  100.00
02:36:07      12    0.00    0.00    0.00    0.00    0.00    0.00    0.00    0.00    0.00  100.00
02:36:07      13    0.00    0.00    0.00    0.00    0.00    0.00    0.00    0.00    0.00  100.00
02:36:07      14    0.00    0.00    0.00    0.00    0.00    0.00    0.00    0.00    0.00  100.00
02:36:07      15    0.00    0.00    0.00    0.00    0.00    0.00    0.00    0.00    0.00  100.00
02:36:07      16    0.00    0.00    0.00    0.00    0.00    0.00    0.00    0.00    0.00  100.00
02:36:07      17    0.00    0.00    0.00    0.00    0.00    0.00    0.00    0.00    0.00  100.00
02:36:07      18    0.00    0.00    0.00    0.00    0.00    0.00    0.00    0.00    0.00  100.00
02:36:07      19    0.00    0.00    0.00    0.00    0.00    0.00    0.00    0.00    0.00  100.00
02:36:07      20    0.00    0.00    0.00    0.00    0.00    0.00    0.00    0.00    0.00  100.00
02:36:07      21    0.00    0.00    0.00    0.00    0.00    0.00    0.00    0.00    0.00  100.00
02:36:07      22    0.00    0.00    0.00    0.00    0.00    0.00    0.00    0.00    0.00  100.00
02:36:07      23    0.00    0.00    0.00    0.00    0.00    0.00    0.00    0.00    0.00  100.00
02:36:07      24    0.00    0.00    0.00    0.00    0.00    0.00    0.00    0.00    0.00  100.00
02:36:07      25    0.00    0.00    0.00    0.00    0.00    0.00    0.00    0.00    0.00  100.00
02:36:07      26    0.00    0.00    0.00    0.00    0.00    0.00    0.00    0.00    0.00  100.00
02:36:07      27    0.00    0.00    0.00    0.00    0.00    0.00    0.00    0.00    0.00  100.00
02:36:07      28    0.00    0.00    0.00    0.00    0.00    0.00    0.00    0.00    0.00  100.00
02:36:07      29    0.00    0.00    0.00    0.00    0.00    0.00    0.00    0.00    0.00  100.00
02:36:07      30    0.00    0.00    0.00    0.00    0.00    0.00    0.00    0.00    0.00  100.00
02:36:07      31    0.00    0.00    0.00    0.00    0.00    0.00    0.00    0.00    0.00  100.00
02:36:07      32    0.00    0.00    0.00    0.00    0.00    0.00    0.00    0.00    0.00  100.00
02:36:07      33    0.00    0.00    0.00    0.00    0.00    0.00    0.00    0.00    0.00  100.00
02:36:07      34    0.00    0.00    0.00    0.00    0.00    0.00    0.00    0.00    0.00  100.00
02:36:07      35    0.00    0.00    0.00    0.00    0.00    0.00    0.00    0.00    0.00  100.00
02:36:07      36    0.00    0.00    0.00    0.00    0.00    0.00    0.00    0.00    0.00  100.00
02:36:07      37    0.00    0.00    0.00    0.00    0.00    0.00    0.00    0.00    0.00  100.00
02:36:07      38    0.00    0.00    0.00    0.00    0.00    0.00    0.00    0.00    0.00  100.00
02:36:07      39    0.00    0.00    0.00    0.00    0.00    0.00    0.00    0.00    0.00  100.00
02:36:07      40    0.00    0.00    0.00    0.00    0.00    0.00    0.00    0.00    0.00  100.00
02:36:07      41    0.00    0.00    0.00    0.00    0.00    0.00    0.00    0.00    0.00  100.00
02:36:07      42    0.00    0.00    0.00    0.00    0.00    0.00    0.00    0.00    0.00  100.00
02:36:07      43    0.00    0.00    0.00    0.00    0.00    0.00    0.00    0.00    0.00  100.00
02:36:07      44    0.00    0.00    0.00    0.00    0.00    0.00    0.00    0.00    0.00  100.00
02:36:07      45    0.00    0.00    0.00    0.00    0.00    0.00    0.00    0.00    0.00  100.00
02:36:07      46    0.00    0.00    0.00    0.00    0.00    0.00    0.00    0.00    0.00  100.00
02:36:07      47    0.00    0.00    0.00    0.00    0.00    0.00    0.00    0.00    0.00  100.00
02:36:07      48    0.00    0.00    0.00    0.00    0.00    0.00    0.00    0.00    0.00  100.00
02:36:07      49    0.00    0.00    0.00    0.00    0.00    0.00    0.00    0.00    0.00  100.00
02:36:07      50    0.00    0.00    0.00    0.00    0.00    0.00    0.00    0.00    0.00  100.00
02:36:07      51    0.00    0.00    0.00    0.00    0.00    0.00    0.00    0.00    0.00  100.00
02:36:07      52    0.00    0.00    0.00    0.00    0.00    0.00    0.00    0.00    0.00  100.00
02:36:07      53    0.00    0.00    0.00    0.00    0.00    0.00    0.00    0.00    0.00  100.00
02:36:07      54    0.00    0.00    0.00    0.00    0.00    0.00    0.00    0.00    0.00  100.00
02:36:07      55    0.00    0.00    0.00    0.00    0.00    0.00    0.00    0.00    0.00  100.00
02:36:07      56    0.00    0.00    0.00    0.00    0.00    0.00    0.00    0.00    0.00  100.00
02:36:07      57    0.00    0.00    0.00    0.00    0.00    0.00    0.00    0.00    0.00  100.00
02:36:07      58    0.00    0.00    0.00    0.00    0.00    0.00    0.00    0.00    0.00  100.00
02:36:07      59    0.00    0.00    0.00    0.00    0.00    0.00    0.00    0.00    0.00  100.00
02:36:07      60    0.00    0.00    0.00    0.00    0.00    0.00    0.00    0.00    0.00  100.00
02:36:07      61    0.00    0.00    0.00    0.00    0.00    0.00    0.00    0.00    0.00  100.00
02:36:07      62    0.00    0.00    0.00    0.00    0.00    0.00    0.00    0.00    0.00  100.00
02:36:07      63    0.00    0.00    0.00    0.00    0.00    0.00    0.00    0.00    0.00  100.00
02:36:07      64    0.00    0.00    0.00    0.00    0.00    0.00    0.00    0.00    0.00  100.00
02:36:07      65    0.00    0.00    0.00    0.00    0.00    0.00    0.00    0.00    0.00  100.00
02:36:07      66  100.00    0.00    0.00    0.00    0.00    0.00    0.00    0.00    0.00    0.00
02:36:07      67    0.00    0.00    0.00    0.00    0.00    0.00    0.00    0.00    0.00  100.00
02:36:07      68    0.00    0.00    0.00    0.00    0.00    0.00    0.00    0.00    0.00  100.00
02:36:07      69    0.00    0.00    0.00    0.00    0.00    0.00    0.00    0.00    0.00  100.00
02:36:07      70    0.00    0.00    0.00    0.00    0.00    0.00    0.00    0.00    0.00  100.00
02:36:07      71    0.00    0.00    0.00    0.00    0.00    0.00    0.00    0.00    0.00  100.00
02:36:07      72    0.00    0.00    0.00    0.00    0.00    0.00    0.00    0.00    0.00  100.00
02:36:07      73    0.00    0.00    0.00    0.00    0.00    0.00    0.00    0.00    0.00  100.00
02:36:07      74    0.00    0.00    0.00    0.00    0.00    0.00    0.00    0.00    0.00  100.00
02:36:07      75    0.00    0.00    0.00    0.00    0.00    0.00    0.00    0.00    0.00  100.00
02:36:07      76    0.00    0.00    0.00    0.00    0.00    0.00    0.00    0.00    0.00  100.00
02:36:07      77    0.00    0.00    0.00    0.00    0.00    0.00    0.00    0.00    0.00  100.00
02:36:07      78    0.00    0.00    0.00    0.00    0.00    0.00    0.00    0.00    0.00  100.00
02:36:07      79    0.00    0.00    0.00    0.00    0.00    0.00    0.00    0.00    0.00  100.00
02:36:07      80    0.00    0.00    0.00    0.00    0.00    0.00    0.00    0.00    0.00  100.00
02:36:07      81    0.00    0.00    0.00    0.00    0.00    0.00    0.00    0.00    0.00  100.00
02:36:07      82    0.00    0.00    0.00    0.00    0.00    0.00    0.00    0.00    0.00  100.00
02:36:07      83    0.00    0.00    0.00    0.00    0.00    0.00    0.00    0.00    0.00  100.00
02:36:07      84    0.00    0.00    0.00    0.00    0.00    0.00    0.00    0.00    0.00  100.00
02:36:07      85    0.00    0.00    0.00    0.00    0.00    0.00    0.00    0.00    0.00  100.00
02:36:07      86    0.00    0.00    0.00    0.00    0.00    0.00    0.00    0.00    0.00  100.00
02:36:07      87    0.00    0.00    0.00    0.00    0.00    0.00    0.00    0.00    0.00  100.00
02:36:07      88    0.00    0.00    0.00    0.00    0.00    0.00    0.00    0.00    0.00  100.00
02:36:07      89    0.00    0.00    0.00    0.00    0.00    0.00    0.00    0.00    0.00  100.00
02:36:07      90    0.00    0.00    0.00    0.00    0.00    0.00    0.00    0.00    0.00  100.00
02:36:07      91    0.00    0.00    0.00    0.00    0.00    0.00    0.00    0.00    0.00  100.00
02:36:07      92    0.00    0.00    0.00    0.00    0.00    0.00    0.00    0.00    0.00  100.00
02:36:07      93    0.00    0.00    0.00    0.00    0.00    0.00    0.00    0.00    0.00  100.00
02:36:07      94    0.00    0.00    0.00    0.00    0.00    0.00    0.00    0.00    0.00  100.00
02:36:07      95    0.00    0.00    0.00    0.00    0.00    0.00    0.00    0.00    0.00  100.00

02:36:07     CPU    %usr   %nice    %sys %iowait    %irq   %soft  %steal  %guest  %gnice   %idle
02:36:08     all    1.04    0.00    0.00    0.00    0.00    0.00    0.00    0.00    0.00   98.96
02:36:08       0    0.00    0.00    0.00    0.00    0.00    0.00    0.00    0.00    0.00  100.00
02:36:08       1    0.00    0.00    0.00    0.00    0.00    0.00    0.00    0.00    0.00  100.00
02:36:08       2    0.00    0.00    0.00    0.00    0.00    0.00    0.00    0.00    0.00  100.00
02:36:08       3    0.00    0.00    0.00    0.00    0.00    0.00    0.00    0.00    0.00  100.00
02:36:08       4    0.00    0.00    0.00    0.00    0.00    0.00    0.00    0.00    0.00  100.00
02:36:08       5    0.00    0.00    0.00    0.00    0.00    0.00    0.00    0.00    0.00  100.00
02:36:08       6    0.00    0.00    0.00    0.00    0.00    0.00    0.00    0.00    0.00  100.00
02:36:08       7    0.00    0.00    0.00    0.00    0.00    0.00    0.00    0.00    0.00  100.00
02:36:08       8    0.00    0.00    0.00    0.00    0.00    0.00    0.00    0.00    0.00  100.00
02:36:08       9    0.00    0.00    0.00    0.00    0.00    0.00    0.00    0.00    0.00  100.00
02:36:08      10    0.00    0.00    0.00    0.00    0.00    0.00    0.00    0.00    0.00  100.00
02:36:08      11    0.00    0.00    0.00    0.00    0.00    0.00    0.00    0.00    0.00  100.00
02:36:08      12    0.00    0.00    0.00    0.00    0.00    0.00    0.00    0.00    0.00  100.00
02:36:08      13    0.00    0.00    0.00    0.00    0.00    0.00    0.00    0.00    0.00  100.00
02:36:08      14    0.00    0.00    0.00    0.00    0.00    0.00    0.00    0.00    0.00  100.00
02:36:08      15    0.00    0.00    0.00    0.00    0.00    0.00    0.00    0.00    0.00  100.00
02:36:08      16    0.00    0.00    0.00    0.00    0.00    0.00    0.00    0.00    0.00  100.00
02:36:08      17    0.00    0.00    0.00    0.00    0.00    0.00    0.00    0.00    0.00  100.00
02:36:08      18    0.00    0.00    0.00    0.00    0.00    0.00    0.00    0.00    0.00  100.00
02:36:08      19    0.00    0.00    0.00    0.00    0.00    0.00    0.00    0.00    0.00  100.00
02:36:08      20    0.00    0.00    0.00    0.00    0.00    0.00    0.00    0.00    0.00  100.00
02:36:08      21    0.00    0.00    0.00    0.00    0.00    0.00    0.00    0.00    0.00  100.00
02:36:08      22    0.00    0.00    0.00    0.00    0.00    0.00    0.00    0.00    0.00  100.00
02:36:08      23    0.00    0.00    0.00    0.00    0.00    0.00    0.00    0.00    0.00  100.00
02:36:08      24    0.00    0.00    0.00    0.00    0.00    0.00    0.00    0.00    0.00  100.00
02:36:08      25    0.00    0.00    0.00    0.00    0.00    0.00    0.00    0.00    0.00  100.00
02:36:08      26    0.00    0.00    0.00    0.00    0.00    0.00    0.00    0.00    0.00  100.00
02:36:08      27    0.00    0.00    0.00    0.00    0.00    0.00    0.00    0.00    0.00  100.00
02:36:08      28    0.00    0.00    0.00    0.00    0.00    0.00    0.00    0.00    0.00  100.00
02:36:08      29    0.00    0.00    0.00    0.00    0.00    0.00    0.00    0.00    0.00  100.00
02:36:08      30    0.00    0.00    0.00    0.00    0.00    0.00    0.00    0.00    0.00  100.00
02:36:08      31    0.00    0.00    0.00    0.00    0.00    0.00    0.00    0.00    0.00  100.00
02:36:08      32    0.00    0.00    0.00    0.00    0.00    0.00    0.00    0.00    0.00  100.00
02:36:08      33    0.00    0.00    0.00    0.00    0.00    0.00    0.00    0.00    0.00  100.00
02:36:08      34    0.00    0.00    0.00    0.00    0.00    0.00    0.00    0.00    0.00  100.00
02:36:08      35    0.00    0.00    0.00    0.00    0.00    0.00    0.00    0.00    0.00  100.00
02:36:08      36    0.00    0.00    0.00    0.00    0.00    0.00    0.00    0.00    0.00  100.00
02:36:08      37    0.00    0.00    0.00    0.00    0.00    0.00    0.00    0.00    0.00  100.00
02:36:08      38    0.00    0.00    0.00    0.00    0.00    0.00    0.00    0.00    0.00  100.00
02:36:08      39    0.00    0.00    0.00    0.00    0.00    0.00    0.00    0.00    0.00  100.00
02:36:08      40    0.00    0.00    0.00    0.00    0.00    0.00    0.00    0.00    0.00  100.00
02:36:08      41    0.00    0.00    0.00    0.00    0.00    0.00    0.00    0.00    0.00  100.00
02:36:08      42    0.00    0.00    0.00    0.00    0.00    0.00    0.00    0.00    0.00  100.00
02:36:08      43    0.00    0.00    0.00    0.00    0.00    0.00    0.00    0.00    0.00  100.00
02:36:08      44    0.00    0.00    0.00    0.00    0.00    0.00    0.00    0.00    0.00  100.00
02:36:08      45    0.00    0.00    0.00    0.00    0.00    0.00    0.00    0.00    0.00  100.00
02:36:08      46    0.00    0.00    0.00    0.00    0.00    0.00    0.00    0.00    0.00  100.00
02:36:08      47    0.00    0.00    0.00    0.00    0.00    0.00    0.00    0.00    0.00  100.00
02:36:08      48    0.00    0.00    0.00    0.00    0.00    0.00    0.00    0.00    0.00  100.00
02:36:08      49    0.00    0.00    0.00    0.00    0.00    0.00    0.00    0.00    0.00  100.00
02:36:08      50    0.00    0.00    0.00    0.00    0.00    0.00    0.00    0.00    0.00  100.00
02:36:08      51    0.00    0.00    0.00    0.00    0.00    0.00    0.00    0.00    0.00  100.00
02:36:08      52    0.00    0.00    0.00    0.00    0.00    0.00    0.00    0.00    0.00  100.00
02:36:08      53    0.00    0.00    0.00    0.00    0.00    0.00    0.00    0.00    0.00  100.00
02:36:08      54    0.00    0.00    0.00    0.00    0.00    0.00    0.00    0.00    0.00  100.00
02:36:08      55    0.00    0.00    0.00    0.00    0.00    0.00    0.00    0.00    0.00  100.00
02:36:08      56    0.00    0.00    0.00    0.00    0.00    0.00    0.00    0.00    0.00  100.00
02:36:08      57    0.00    0.00    0.00    0.00    0.00    0.00    0.00    0.00    0.00  100.00
02:36:08      58    0.00    0.00    0.00    0.00    0.00    0.00    0.00    0.00    0.00  100.00
02:36:08      59    0.00    0.00    0.00    0.00    0.00    0.00    0.00    0.00    0.00  100.00
02:36:08      60    0.00    0.00    0.00    0.00    0.00    0.00    0.00    0.00    0.00  100.00
02:36:08      61    0.00    0.00    0.00    0.00    0.00    0.00    0.00    0.00    0.00  100.00
02:36:08      62    0.00    0.00    0.00    0.00    0.00    0.00    0.00    0.00    0.00  100.00
02:36:08      63    0.00    0.00    0.00    0.00    0.00    0.00    0.00    0.00    0.00  100.00
02:36:08      64    0.00    0.00    0.00    0.00    0.00    0.00    0.00    0.00    0.00  100.00
02:36:08      65    0.00    0.00    0.00    0.00    0.00    0.00    0.00    0.00    0.00  100.00
02:36:08      66  100.00    0.00    0.00    0.00    0.00    0.00    0.00    0.00    0.00    0.00
02:36:08      67    0.00    0.00    0.00    0.00    0.00    0.00    0.00    0.00    0.00  100.00
02:36:08      68    0.00    0.00    0.00    0.00    0.00    0.00    0.00    0.00    0.00  100.00
02:36:08      69    0.00    0.00    0.00    0.00    0.00    0.00    0.00    0.00    0.00  100.00
02:36:08      70    0.00    0.00    0.00    0.00    0.00    0.00    0.00    0.00    0.00  100.00
02:36:08      71    0.00    0.00    0.00    0.00    0.00    0.00    0.00    0.00    0.00  100.00
02:36:08      72    0.00    0.00    0.00    0.00    0.00    0.00    0.00    0.00    0.00  100.00
02:36:08      73    0.00    0.00    0.00    0.00    0.00    0.00    0.00    0.00    0.00  100.00
02:36:08      74    0.00    0.00    0.00    0.00    0.00    0.00    0.00    0.00    0.00  100.00
02:36:08      75    0.00    0.00    0.00    0.00    0.00    0.00    0.00    0.00    0.00  100.00
02:36:08      76    0.00    0.00    0.00    0.00    0.00    0.00    0.00    0.00    0.00  100.00
02:36:08      77    0.00    0.00    0.00    0.00    0.00    0.00    0.00    0.00    0.00  100.00
02:36:08      78    0.00    0.00    0.00    0.00    0.00    0.00    0.00    0.00    0.00  100.00
02:36:08      79    0.00    0.00    0.00    0.00    0.00    0.00    0.00    0.00    0.00  100.00
02:36:08      80    0.00    0.00    0.00    0.00    0.00    0.00    0.00    0.00    0.00  100.00
02:36:08      81    0.00    0.00    0.00    0.00    0.00    0.00    0.00    0.00    0.00  100.00
02:36:08      82    0.00    0.00    0.00    0.00    0.00    0.00    0.00    0.00    0.00  100.00
02:36:08      83    0.00    0.00    0.00    0.00    0.00    0.00    0.00    0.00    0.00  100.00
02:36:08      84    0.00    0.00    0.00    0.00    0.00    0.00    0.00    0.00    0.00  100.00
02:36:08      85    0.00    0.00    0.00    0.00    0.00    0.00    0.00    0.00    0.00  100.00
02:36:08      86    0.00    0.00    0.00    0.00    0.00    0.00    0.00    0.00    0.00  100.00
02:36:08      87    0.00    0.00    0.00    0.00    0.00    0.00    0.00    0.00    0.00  100.00
02:36:08      88    0.00    0.00    0.00    0.00    0.00    0.00    0.00    0.00    0.00  100.00
02:36:08      89    0.00    0.00    0.00    0.00    0.00    0.00    0.00    0.00    0.00  100.00
02:36:08      90    0.00    0.00    0.00    0.00    0.00    0.00    0.00    0.00    0.00  100.00
02:36:08      91    0.00    0.00    0.00    0.00    0.00    0.00    0.00    0.00    0.00  100.00
02:36:08      92    0.00    0.00    0.00    0.00    0.00    0.00    0.00    0.00    0.00  100.00
02:36:08      93    0.00    0.00    0.00    0.00    0.00    0.00    0.00    0.00    0.00  100.00
02:36:08      94    0.00    0.00    0.00    0.00    0.00    0.00    0.00    0.00    0.00  100.00
02:36:08      95    0.00    0.00    0.00    0.00    0.00    0.00    0.00    0.00    0.00  100.00

02:36:08     CPU    %usr   %nice    %sys %iowait    %irq   %soft  %steal  %guest  %gnice   %idle
02:36:09     all    1.04    0.00    0.01    0.00    0.00    0.00    0.00    0.00    0.00   98.95
02:36:09       0    0.00    0.00    0.00    0.00    0.00    0.00    0.00    0.00    0.00  100.00
02:36:09       1    0.00    0.00    0.00    0.00    0.00    0.00    0.00    0.00    0.00  100.00
02:36:09       2    0.00    0.00    0.00    0.00    0.00    0.00    0.00    0.00    0.00  100.00
02:36:09       3    0.00    0.00    0.00    0.00    0.00    0.00    0.00    0.00    0.00  100.00
02:36:09       4    0.00    0.00    0.00    0.00    0.00    0.00    0.00    0.00    0.00  100.00
02:36:09       5    0.00    0.00    0.00    0.00    0.00    0.00    0.00    0.00    0.00  100.00
02:36:09       6    0.00    0.00    0.00    0.00    0.00    0.00    0.00    0.00    0.00  100.00
02:36:09       7    0.00    0.00    0.00    0.00    0.00    0.00    0.00    0.00    0.00  100.00
02:36:09       8    0.00    0.00    0.00    0.00    0.00    0.00    0.00    0.00    0.00  100.00
02:36:09       9    0.00    0.00    0.00    0.00    0.00    0.00    0.00    0.00    0.00  100.00
02:36:09      10    0.00    0.00    0.00    0.00    0.00    0.00    0.00    0.00    0.00  100.00
02:36:09      11    0.00    0.00    0.00    0.00    0.00    0.00    0.00    0.00    0.00  100.00
02:36:09      12    0.00    0.00    0.00    0.00    0.00    0.00    0.00    0.00    0.00  100.00
02:36:09      13    0.00    0.00    0.00    0.00    0.00    0.00    0.00    0.00    0.00  100.00
02:36:09      14    0.00    0.00    0.99    0.00    0.00    0.00    0.00    0.00    0.00   99.01
02:36:09      15    0.00    0.00    0.00    0.00    0.00    0.00    0.00    0.00    0.00  100.00
02:36:09      16    0.00    0.00    0.00    0.00    0.00    0.00    0.00    0.00    0.00  100.00
02:36:09      17    0.00    0.00    0.00    0.00    0.00    0.00    0.00    0.00    0.00  100.00
02:36:09      18    0.00    0.00    0.00    0.00    0.00    0.00    0.00    0.00    0.00  100.00
02:36:09      19    0.00    0.00    0.00    0.00    0.00    0.00    0.00    0.00    0.00  100.00
02:36:09      20    0.00    0.00    0.00    0.00    0.00    0.00    0.00    0.00    0.00  100.00
02:36:09      21    0.00    0.00    0.00    0.00    0.00    0.00    0.00    0.00    0.00  100.00
02:36:09      22    0.00    0.00    0.00    0.00    0.00    0.00    0.00    0.00    0.00  100.00
02:36:09      23    0.00    0.00    0.00    0.00    0.00    0.00    0.00    0.00    0.00  100.00
02:36:09      24    0.00    0.00    0.00    0.00    0.00    0.00    0.00    0.00    0.00  100.00
02:36:09      25    0.00    0.00    0.00    0.00    0.00    0.00    0.00    0.00    0.00  100.00
02:36:09      26    0.00    0.00    0.00    0.00    0.00    0.00    0.00    0.00    0.00  100.00
02:36:09      27    0.00    0.00    0.00    0.00    0.00    0.00    0.00    0.00    0.00  100.00
02:36:09      28    0.00    0.00    0.00    0.00    0.00    0.00    0.00    0.00    0.00  100.00
02:36:09      29    0.00    0.00    0.00    0.00    0.00    0.00    0.00    0.00    0.00  100.00
02:36:09      30    0.00    0.00    0.00    0.00    0.00    0.00    0.00    0.00    0.00  100.00
02:36:09      31    0.00    0.00    0.00    0.00    0.00    0.00    0.00    0.00    0.00  100.00
02:36:09      32    0.00    0.00    0.00    0.00    0.00    0.00    0.00    0.00    0.00  100.00
02:36:09      33    0.00    0.00    0.00    0.00    0.00    0.00    0.00    0.00    0.00  100.00
02:36:09      34    0.00    0.00    0.00    0.00    0.00    0.00    0.00    0.00    0.00  100.00
02:36:09      35    0.00    0.00    0.00    0.00    0.00    0.00    0.00    0.00    0.00  100.00
02:36:09      36    0.00    0.00    0.00    0.00    0.00    0.00    0.00    0.00    0.00  100.00
02:36:09      37    0.00    0.00    0.00    0.00    0.00    0.00    0.00    0.00    0.00  100.00
02:36:09      38    0.00    0.00    0.00    0.00    0.00    0.00    0.00    0.00    0.00  100.00
02:36:09      39    0.00    0.00    0.00    0.00    0.00    0.00    0.00    0.00    0.00  100.00
02:36:09      40    0.00    0.00    0.00    0.00    0.00    0.00    0.00    0.00    0.00  100.00
02:36:09      41    0.00    0.00    0.00    0.00    0.00    0.00    0.00    0.00    0.00  100.00
02:36:09      42    0.00    0.00    0.00    0.00    0.00    0.00    0.00    0.00    0.00  100.00
02:36:09      43    0.00    0.00    0.00    0.00    0.00    0.00    0.00    0.00    0.00  100.00
02:36:09      44    0.00    0.00    0.00    0.00    0.00    0.00    0.00    0.00    0.00  100.00
02:36:09      45    0.00    0.00    0.00    0.00    0.00    0.00    0.00    0.00    0.00  100.00
02:36:09      46    0.00    0.00    0.00    0.00    0.00    0.00    0.00    0.00    0.00  100.00
02:36:09      47    0.00    0.00    0.00    0.00    0.00    0.00    0.00    0.00    0.00  100.00
02:36:09      48    0.00    0.00    0.00    0.00    0.00    0.00    0.00    0.00    0.00  100.00
02:36:09      49    0.00    0.00    0.00    0.00    0.00    0.00    0.00    0.00    0.00  100.00
02:36:09      50    0.00    0.00    0.00    0.00    0.00    0.00    0.00    0.00    0.00  100.00
02:36:09      51    0.00    0.00    0.00    0.00    0.00    0.00    0.00    0.00    0.00  100.00
02:36:09      52    0.00    0.00    0.00    0.00    0.00    0.00    0.00    0.00    0.00  100.00
02:36:09      53    0.00    0.00    0.00    0.00    0.00    0.00    0.00    0.00    0.00  100.00
02:36:09      54    0.00    0.00    0.00    0.00    0.00    0.00    0.00    0.00    0.00  100.00
02:36:09      55    0.00    0.00    0.00    0.00    0.00    0.00    0.00    0.00    0.00  100.00
02:36:09      56    0.00    0.00    0.00    0.00    0.00    0.00    0.00    0.00    0.00  100.00
02:36:09      57    0.00    0.00    0.00    0.00    0.00    0.00    0.00    0.00    0.00  100.00
02:36:09      58    0.00    0.00    0.00    0.00    0.00    0.00    0.00    0.00    0.00  100.00
02:36:09      59    0.00    0.00    0.00    0.00    0.00    0.00    0.00    0.00    0.00  100.00
02:36:09      60    0.00    0.00    0.00    0.00    0.00    0.00    0.00    0.00    0.00  100.00
02:36:09      61    0.00    0.00    0.00    0.00    0.00    0.00    0.00    0.00    0.00  100.00
02:36:09      62    0.00    0.00    0.00    0.00    0.00    0.00    0.00    0.00    0.00  100.00
02:36:09      63    0.00    0.00    0.00    0.00    0.00    0.00    0.00    0.00    0.00  100.00
02:36:09      64    0.00    0.00    0.00    0.00    0.00    0.00    0.00    0.00    0.00  100.00
02:36:09      65    0.00    0.00    0.00    0.00    0.00    0.00    0.00    0.00    0.00  100.00
02:36:09      66  100.00    0.00    0.00    0.00    0.00    0.00    0.00    0.00    0.00    0.00
02:36:09      67    0.00    0.00    0.00    0.00    0.00    0.00    0.00    0.00    0.00  100.00
02:36:09      68    0.00    0.00    0.00    0.00    0.00    0.00    0.00    0.00    0.00  100.00
02:36:09      69    0.00    0.00    0.00    0.00    0.00    0.00    0.00    0.00    0.00  100.00
02:36:09      70    0.00    0.00    0.00    0.00    0.00    0.00    0.00    0.00    0.00  100.00
02:36:09      71    0.00    0.00    0.00    0.00    0.00    0.00    0.00    0.00    0.00  100.00
02:36:09      72    0.00    0.00    0.00    0.00    0.00    0.00    0.00    0.00    0.00  100.00
02:36:09      73    0.00    0.00    0.00    0.00    0.00    0.00    0.00    0.00    0.00  100.00
02:36:09      74    0.00    0.00    0.00    0.00    0.00    0.00    0.00    0.00    0.00  100.00
02:36:09      75    0.00    0.00    0.00    0.00    0.00    0.00    0.00    0.00    0.00  100.00
02:36:09      76    0.00    0.00    0.00    0.00    0.00    0.00    0.00    0.00    0.00  100.00
02:36:09      77    0.00    0.00    0.00    0.00    0.00    0.00    0.00    0.00    0.00  100.00
02:36:09      78    0.00    0.00    0.00    0.00    0.00    0.00    0.00    0.00    0.00  100.00
02:36:09      79    0.00    0.00    0.00    0.00    0.00    0.00    0.00    0.00    0.00  100.00
02:36:09      80    0.00    0.00    0.00    0.00    0.00    0.00    0.00    0.00    0.00  100.00
02:36:09      81    0.00    0.00    0.00    0.00    0.00    0.00    0.00    0.00    0.00  100.00
02:36:09      82    0.00    0.00    0.00    0.00    0.00    0.00    0.00    0.00    0.00  100.00
02:36:09      83    0.00    0.00    0.00    0.00    0.00    0.00    0.00    0.00    0.00  100.00
02:36:09      84    0.00    0.00    0.00    0.00    0.00    0.00    0.00    0.00    0.00  100.00
02:36:09      85    0.00    0.00    0.00    0.00    0.00    0.00    0.00    0.00    0.00  100.00
02:36:09      86    0.00    0.00    0.00    0.00    0.00    0.00    0.00    0.00    0.00  100.00
02:36:09      87    0.00    0.00    0.00    0.00    0.00    0.00    0.00    0.00    0.00  100.00
02:36:09      88    0.00    0.00    0.00    0.00    0.00    0.00    0.00    0.00    0.00  100.00
02:36:09      89    0.00    0.00    0.00    0.00    0.00    0.00    0.00    0.00    0.00  100.00
02:36:09      90    0.00    0.00    0.00    0.00    0.00    0.00    0.00    0.00    0.00  100.00
02:36:09      91    0.00    0.00    0.00    0.00    0.00    0.00    0.00    0.00    0.00  100.00
02:36:09      92    0.00    0.00    0.00    0.00    0.00    0.00    0.00    0.00    0.00  100.00
02:36:09      93    0.00    0.00    0.00    0.00    0.00    0.00    0.00    0.00    0.00  100.00
02:36:09      94    0.00    0.00    0.00    0.00    0.00    0.00    0.00    0.00    0.00  100.00
02:36:09      95    0.00    0.00    0.00    0.00    0.00    0.00    0.00    0.00    0.00  100.00

02:36:09     CPU    %usr   %nice    %sys %iowait    %irq   %soft  %steal  %guest  %gnice   %idle
02:36:10     all    1.04    0.00    0.00    0.00    0.00    0.00    0.00    0.00    0.00   98.96
02:36:10       0    0.00    0.00    0.00    0.00    0.00    0.00    0.00    0.00    0.00  100.00
02:36:10       1    0.00    0.00    0.00    0.00    0.00    0.00    0.00    0.00    0.00  100.00
02:36:10       2    0.00    0.00    0.00    0.00    0.00    0.00    0.00    0.00    0.00  100.00
02:36:10       3    0.00    0.00    0.00    0.00    0.00    0.00    0.00    0.00    0.00  100.00
02:36:10       4    0.00    0.00    0.00    0.00    0.00    0.00    0.00    0.00    0.00  100.00
02:36:10       5    0.00    0.00    0.00    0.00    0.00    0.00    0.00    0.00    0.00  100.00
02:36:10       6    0.00    0.00    0.00    0.00    0.00    0.00    0.00    0.00    0.00  100.00
02:36:10       7    0.00    0.00    0.00    0.00    0.00    0.00    0.00    0.00    0.00  100.00
02:36:10       8    0.00    0.00    0.00    0.00    0.00    0.00    0.00    0.00    0.00  100.00
02:36:10       9    0.00    0.00    0.00    0.00    0.00    0.00    0.00    0.00    0.00  100.00
02:36:10      10    0.00    0.00    0.00    0.00    0.00    0.00    0.00    0.00    0.00  100.00
02:36:10      11    0.00    0.00    0.00    0.00    0.00    0.00    0.00    0.00    0.00  100.00
02:36:10      12    0.00    0.00    0.00    0.00    0.00    0.00    0.00    0.00    0.00  100.00
02:36:10      13    0.00    0.00    0.00    0.00    0.00    0.00    0.00    0.00    0.00  100.00
02:36:10      14    0.00    0.00    0.00    0.00    0.00    0.00    0.00    0.00    0.00  100.00
02:36:10      15    0.00    0.00    0.00    0.00    0.00    0.00    0.00    0.00    0.00  100.00
02:36:10      16    0.00    0.00    0.00    0.00    0.00    0.00    0.00    0.00    0.00  100.00
02:36:10      17    0.00    0.00    0.00    0.00    0.00    0.00    0.00    0.00    0.00  100.00
02:36:10      18    0.00    0.00    0.00    0.00    0.00    0.00    0.00    0.00    0.00  100.00
02:36:10      19    0.00    0.00    0.00    0.00    0.00    0.00    0.00    0.00    0.00  100.00
02:36:10      20    0.00    0.00    0.00    0.00    0.00    0.00    0.00    0.00    0.00  100.00
02:36:10      21    0.00    0.00    0.00    0.00    0.00    0.00    0.00    0.00    0.00  100.00
02:36:10      22    0.00    0.00    0.00    0.00    0.00    0.00    0.00    0.00    0.00  100.00
02:36:10      23    0.00    0.00    0.00    0.00    0.00    0.00    0.00    0.00    0.00  100.00
02:36:10      24    0.00    0.00    0.00    0.00    0.00    0.00    0.00    0.00    0.00  100.00
02:36:10      25    0.00    0.00    0.00    0.00    0.00    0.00    0.00    0.00    0.00  100.00
02:36:10      26    0.00    0.00    0.00    0.00    0.00    0.00    0.00    0.00    0.00  100.00
02:36:10      27    0.00    0.00    0.00    0.00    0.00    0.00    0.00    0.00    0.00  100.00
02:36:10      28    0.00    0.00    0.00    0.00    0.00    0.00    0.00    0.00    0.00  100.00
02:36:10      29    0.00    0.00    0.00    0.00    0.00    0.00    0.00    0.00    0.00  100.00
02:36:10      30    0.00    0.00    0.00    0.00    0.00    0.00    0.00    0.00    0.00  100.00
02:36:10      31    0.00    0.00    0.00    0.00    0.00    0.00    0.00    0.00    0.00  100.00
02:36:10      32    0.00    0.00    0.00    0.00    0.00    0.00    0.00    0.00    0.00  100.00
02:36:10      33    0.00    0.00    0.00    0.00    0.00    0.00    0.00    0.00    0.00  100.00
02:36:10      34    0.00    0.00    0.00    0.00    0.00    0.00    0.00    0.00    0.00  100.00
02:36:10      35    0.00    0.00    0.00    0.00    0.00    0.00    0.00    0.00    0.00  100.00
02:36:10      36    0.00    0.00    0.00    0.00    0.00    0.00    0.00    0.00    0.00  100.00
02:36:10      37    0.00    0.00    0.00    0.00    0.00    0.00    0.00    0.00    0.00  100.00
02:36:10      38    0.00    0.00    0.00    0.00    0.00    0.00    0.00    0.00    0.00  100.00
02:36:10      39    0.00    0.00    0.00    0.00    0.00    0.00    0.00    0.00    0.00  100.00
02:36:10      40    0.00    0.00    0.00    0.00    0.00    0.00    0.00    0.00    0.00  100.00
02:36:10      41    0.00    0.00    0.00    0.00    0.00    0.00    0.00    0.00    0.00  100.00
02:36:10      42    0.00    0.00    0.00    0.00    0.00    0.00    0.00    0.00    0.00  100.00
02:36:10      43    0.00    0.00    0.00    0.00    0.00    0.00    0.00    0.00    0.00  100.00
02:36:10      44    0.00    0.00    0.00    0.00    0.00    0.00    0.00    0.00    0.00  100.00
02:36:10      45    0.00    0.00    0.00    0.00    0.00    0.00    0.00    0.00    0.00  100.00
02:36:10      46    0.00    0.00    0.00    0.00    0.00    0.00    0.00    0.00    0.00  100.00
02:36:10      47    0.00    0.00    0.00    0.00    0.00    0.00    0.00    0.00    0.00  100.00
02:36:10      48    0.00    0.00    0.00    0.00    0.00    0.00    0.00    0.00    0.00  100.00
02:36:10      49    0.00    0.00    0.00    0.00    0.00    0.00    0.00    0.00    0.00  100.00
02:36:10      50    0.00    0.00    0.00    0.00    0.00    0.00    0.00    0.00    0.00  100.00
02:36:10      51    0.00    0.00    0.00    0.00    0.00    0.00    0.00    0.00    0.00  100.00
02:36:10      52    0.00    0.00    0.00    0.00    0.00    0.00    0.00    0.00    0.00  100.00
02:36:10      53    0.00    0.00    0.00    0.00    0.00    0.00    0.00    0.00    0.00  100.00
02:36:10      54    0.00    0.00    0.00    0.00    0.00    0.00    0.00    0.00    0.00  100.00
02:36:10      55    0.00    0.00    0.00    0.00    0.00    0.00    0.00    0.00    0.00  100.00
02:36:10      56    0.00    0.00    0.00    0.00    0.00    0.00    0.00    0.00    0.00  100.00
02:36:10      57    0.00    0.00    0.00    0.00    0.00    0.00    0.00    0.00    0.00  100.00
02:36:10      58    0.00    0.00    0.00    0.00    0.00    0.00    0.00    0.00    0.00  100.00
02:36:10      59    0.00    0.00    0.00    0.00    0.00    0.00    0.00    0.00    0.00  100.00
02:36:10      60    0.00    0.00    0.00    0.00    0.00    0.00    0.00    0.00    0.00  100.00
02:36:10      61    0.00    0.00    0.00    0.00    0.00    0.00    0.00    0.00    0.00  100.00
02:36:10      62    0.00    0.00    0.00    0.00    0.00    0.00    0.00    0.00    0.00  100.00
02:36:10      63    0.00    0.00    0.00    0.00    0.00    0.00    0.00    0.00    0.00  100.00
02:36:10      64    0.00    0.00    0.00    0.00    0.00    0.00    0.00    0.00    0.00  100.00
02:36:10      65    0.00    0.00    0.00    0.00    0.00    0.00    0.00    0.00    0.00  100.00
02:36:10      66  100.00    0.00    0.00    0.00    0.00    0.00    0.00    0.00    0.00    0.00
02:36:10      67    0.00    0.00    0.00    0.00    0.00    0.00    0.00    0.00    0.00  100.00
02:36:10      68    0.00    0.00    0.00    0.00    0.00    0.00    0.00    0.00    0.00  100.00
02:36:10      69    0.00    0.00    0.00    0.00    0.00    0.00    0.00    0.00    0.00  100.00
02:36:10      70    0.00    0.00    0.00    0.00    0.00    0.00    0.00    0.00    0.00  100.00
02:36:10      71    0.00    0.00    0.00    0.00    0.00    0.00    0.00    0.00    0.00  100.00
02:36:10      72    0.00    0.00    0.00    0.00    0.00    0.00    0.00    0.00    0.00  100.00
02:36:10      73    0.00    0.00    0.00    0.00    0.00    0.00    0.00    0.00    0.00  100.00
02:36:10      74    0.00    0.00    0.00    0.00    0.00    0.00    0.00    0.00    0.00  100.00
02:36:10      75    0.00    0.00    0.00    0.00    0.00    0.00    0.00    0.00    0.00  100.00
02:36:10      76    0.00    0.00    0.00    0.00    0.00    0.00    0.00    0.00    0.00  100.00
02:36:10      77    0.00    0.00    0.00    0.00    0.00    0.00    0.00    0.00    0.00  100.00
02:36:10      78    0.00    0.00    0.00    0.00    0.00    0.00    0.00    0.00    0.00  100.00
02:36:10      79    0.00    0.00    0.00    0.00    0.00    0.00    0.00    0.00    0.00  100.00
02:36:10      80    0.00    0.00    0.00    0.00    0.00    0.00    0.00    0.00    0.00  100.00
02:36:10      81    0.00    0.00    0.00    0.00    0.00    0.00    0.00    0.00    0.00  100.00
02:36:10      82    0.00    0.00    0.00    0.00    0.00    0.00    0.00    0.00    0.00  100.00
02:36:10      83    0.00    0.00    0.00    0.00    0.00    0.00    0.00    0.00    0.00  100.00
02:36:10      84    0.00    0.00    0.00    0.00    0.00    0.00    0.00    0.00    0.00  100.00
02:36:10      85    0.00    0.00    0.00    0.00    0.00    0.00    0.00    0.00    0.00  100.00
02:36:10      86    0.00    0.00    0.00    0.00    0.00    0.00    0.00    0.00    0.00  100.00
02:36:10      87    0.00    0.00    0.00    0.00    0.00    0.00    0.00    0.00    0.00  100.00
02:36:10      88    0.00    0.00    0.00    0.00    0.00    0.00    0.00    0.00    0.00  100.00
02:36:10      89    0.00    0.00    0.00    0.00    0.00    0.00    0.00    0.00    0.00  100.00
02:36:10      90    0.00    0.00    0.00    0.00    0.00    0.00    0.00    0.00    0.00  100.00
02:36:10      91    0.00    0.00    0.00    0.00    0.00    0.00    0.00    0.00    0.00  100.00
02:36:10      92    0.00    0.00    0.00    0.00    0.00    0.00    0.00    0.00    0.00  100.00
02:36:10      93    0.00    0.00    0.00    0.00    0.00    0.00    0.00    0.00    0.00  100.00
02:36:10      94    0.00    0.00    0.00    0.00    0.00    0.00    0.00    0.00    0.00  100.00
02:36:10      95    0.00    0.00    0.00    0.00    0.00    0.00    0.00    0.00    0.00  100.00

02:36:10     CPU    %usr   %nice    %sys %iowait    %irq   %soft  %steal  %guest  %gnice   %idle
02:36:11     all    1.05    0.00    0.00    0.00    0.00    0.00    0.00    0.00    0.00   98.95
02:36:11       0    0.00    0.00    0.00    0.00    0.00    0.00    0.00    0.00    0.00  100.00
02:36:11       1    0.00    0.00    0.00    0.00    0.00    0.00    0.00    0.00    0.00  100.00
02:36:11       2    0.00    0.00    0.00    0.00    0.00    0.00    0.00    0.00    0.00  100.00
02:36:11       3    0.00    0.00    0.00    0.00    0.00    0.00    0.00    0.00    0.00  100.00
02:36:11       4    0.00    0.00    0.00    0.00    0.00    0.00    0.00    0.00    0.00  100.00
02:36:11       5    0.00    0.00    0.00    0.00    0.00    0.00    0.00    0.00    0.00  100.00
02:36:11       6    0.00    0.00    0.00    0.00    0.00    0.00    0.00    0.00    0.00  100.00
02:36:11       7    0.00    0.00    0.00    0.00    0.00    0.00    0.00    0.00    0.00  100.00
02:36:11       8    0.00    0.00    0.00    0.00    0.00    0.00    0.00    0.00    0.00  100.00
02:36:11       9    0.00    0.00    0.00    0.00    0.00    0.00    0.00    0.00    0.00  100.00
02:36:11      10    0.00    0.00    0.00    0.00    0.00    0.00    0.00    0.00    0.00  100.00
02:36:11      11    0.00    0.00    0.00    0.00    0.00    0.00    0.00    0.00    0.00  100.00
02:36:11      12    0.00    0.00    0.00    0.00    0.00    0.00    0.00    0.00    0.00  100.00
02:36:11      13    0.00    0.00    0.00    0.00    0.00    0.00    0.00    0.00    0.00  100.00
02:36:11      14    0.99    0.00    0.00    0.00    0.00    0.00    0.00    0.00    0.00   99.01
02:36:11      15    0.00    0.00    0.00    0.00    0.00    0.00    0.00    0.00    0.00  100.00
02:36:11      16    0.00    0.00    0.00    0.00    0.00    0.00    0.00    0.00    0.00  100.00
02:36:11      17    0.00    0.00    0.00    0.00    0.00    0.00    0.00    0.00    0.00  100.00
02:36:11      18    0.00    0.00    0.00    0.00    0.00    0.00    0.00    0.00    0.00  100.00
02:36:11      19    0.00    0.00    0.00    0.00    0.00    0.00    0.00    0.00    0.00  100.00
02:36:11      20    0.00    0.00    0.00    0.00    0.00    0.00    0.00    0.00    0.00  100.00
02:36:11      21    0.00    0.00    0.00    0.00    0.00    0.00    0.00    0.00    0.00  100.00
02:36:11      22    0.00    0.00    0.00    0.00    0.00    0.00    0.00    0.00    0.00  100.00
02:36:11      23    0.00    0.00    0.00    0.00    0.00    0.00    0.00    0.00    0.00  100.00
02:36:11      24    0.00    0.00    0.00    0.00    0.00    0.00    0.00    0.00    0.00  100.00
02:36:11      25    0.00    0.00    0.00    0.00    0.00    0.00    0.00    0.00    0.00  100.00
02:36:11      26    0.00    0.00    0.00    0.00    0.00    0.00    0.00    0.00    0.00  100.00
02:36:11      27    0.00    0.00    0.00    0.00    0.00    0.00    0.00    0.00    0.00  100.00
02:36:11      28    0.00    0.00    0.00    0.00    0.00    0.00    0.00    0.00    0.00  100.00
02:36:11      29    0.00    0.00    0.00    0.00    0.00    0.00    0.00    0.00    0.00  100.00
02:36:11      30    0.00    0.00    0.00    0.00    0.00    0.00    0.00    0.00    0.00  100.00
02:36:11      31    0.00    0.00    0.00    0.00    0.00    0.00    0.00    0.00    0.00  100.00
02:36:11      32    0.00    0.00    0.00    0.00    0.00    0.00    0.00    0.00    0.00  100.00
02:36:11      33    0.00    0.00    0.00    0.00    0.00    0.00    0.00    0.00    0.00  100.00
02:36:11      34    0.00    0.00    0.00    0.00    0.00    0.00    0.00    0.00    0.00  100.00
02:36:11      35    0.00    0.00    0.00    0.00    0.00    0.00    0.00    0.00    0.00  100.00
02:36:11      36    0.00    0.00    0.00    0.00    0.00    0.00    0.00    0.00    0.00  100.00
02:36:11      37    0.00    0.00    0.00    0.00    0.00    0.00    0.00    0.00    0.00  100.00
02:36:11      38    0.00    0.00    0.00    0.00    0.00    0.00    0.00    0.00    0.00  100.00
02:36:11      39    0.00    0.00    0.00    0.00    0.00    0.00    0.00    0.00    0.00  100.00
02:36:11      40    0.00    0.00    0.00    0.00    0.00    0.00    0.00    0.00    0.00  100.00
02:36:11      41    0.00    0.00    0.00    0.00    0.00    0.00    0.00    0.00    0.00  100.00
02:36:11      42    0.00    0.00    0.00    0.00    0.00    0.00    0.00    0.00    0.00  100.00
02:36:11      43    0.00    0.00    0.00    0.00    0.00    0.00    0.00    0.00    0.00  100.00
02:36:11      44    0.00    0.00    0.00    0.00    0.00    0.00    0.00    0.00    0.00  100.00
02:36:11      45    0.00    0.00    0.00    0.00    0.00    0.00    0.00    0.00    0.00  100.00
02:36:11      46    0.00    0.00    0.00    0.00    0.00    0.00    0.00    0.00    0.00  100.00
02:36:11      47    0.00    0.00    0.00    0.00    0.00    0.00    0.00    0.00    0.00  100.00
02:36:11      48    0.00    0.00    0.00    0.00    0.00    0.00    0.00    0.00    0.00  100.00
02:36:11      49    0.00    0.00    0.00    0.00    0.00    0.00    0.00    0.00    0.00  100.00
02:36:11      50    0.00    0.00    0.00    0.00    0.00    0.00    0.00    0.00    0.00  100.00
02:36:11      51    0.00    0.00    0.00    0.00    0.00    0.00    0.00    0.00    0.00  100.00
02:36:11      52    0.00    0.00    0.00    0.00    0.00    0.00    0.00    0.00    0.00  100.00
02:36:11      53    0.00    0.00    0.00    0.00    0.00    0.00    0.00    0.00    0.00  100.00
02:36:11      54    0.00    0.00    0.00    0.00    0.00    0.00    0.00    0.00    0.00  100.00
02:36:11      55    0.00    0.00    0.00    0.00    0.00    0.00    0.00    0.00    0.00  100.00
02:36:11      56    0.00    0.00    0.00    0.00    0.00    0.00    0.00    0.00    0.00  100.00
02:36:11      57    0.00    0.00    0.00    0.00    0.00    0.00    0.00    0.00    0.00  100.00
02:36:11      58    0.00    0.00    0.00    0.00    0.00    0.00    0.00    0.00    0.00  100.00
02:36:11      59    0.00    0.00    0.00    0.00    0.00    0.00    0.00    0.00    0.00  100.00
02:36:11      60    0.00    0.00    0.00    0.00    0.00    0.00    0.00    0.00    0.00  100.00
02:36:11      61    0.00    0.00    0.00    0.00    0.00    0.00    0.00    0.00    0.00  100.00
02:36:11      62    0.00    0.00    0.00    0.00    0.00    0.00    0.00    0.00    0.00  100.00
02:36:11      63    0.00    0.00    0.00    0.00    0.00    0.00    0.00    0.00    0.00  100.00
02:36:11      64    0.00    0.00    0.00    0.00    0.00    0.00    0.00    0.00    0.00  100.00
02:36:11      65    0.00    0.00    0.00    0.00    0.00    0.00    0.00    0.00    0.00  100.00
02:36:11      66  100.00    0.00    0.00    0.00    0.00    0.00    0.00    0.00    0.00    0.00
02:36:11      67    0.00    0.00    0.00    0.00    0.00    0.00    0.00    0.00    0.00  100.00
02:36:11      68    0.00    0.00    0.00    0.00    0.00    0.00    0.00    0.00    0.00  100.00
02:36:11      69    0.00    0.00    0.00    0.00    0.00    0.00    0.00    0.00    0.00  100.00
02:36:11      70    0.00    0.00    0.00    0.00    0.00    0.00    0.00    0.00    0.00  100.00
02:36:11      71    0.00    0.00    0.00    0.00    0.00    0.00    0.00    0.00    0.00  100.00
02:36:11      72    0.00    0.00    0.00    0.00    0.00    0.00    0.00    0.00    0.00  100.00
02:36:11      73    0.00    0.00    0.00    0.00    0.00    0.00    0.00    0.00    0.00  100.00
02:36:11      74    0.00    0.00    0.00    0.00    0.00    0.00    0.00    0.00    0.00  100.00
02:36:11      75    0.00    0.00    0.00    0.00    0.00    0.00    0.00    0.00    0.00  100.00
02:36:11      76    0.00    0.00    0.00    0.00    0.00    0.00    0.00    0.00    0.00  100.00
02:36:11      77    0.00    0.00    0.00    0.00    0.00    0.00    0.00    0.00    0.00  100.00
02:36:11      78    0.00    0.00    0.00    0.00    0.00    0.00    0.00    0.00    0.00  100.00
02:36:11      79    0.00    0.00    0.00    0.00    0.00    0.00    0.00    0.00    0.00  100.00
02:36:11      80    0.00    0.00    0.00    0.00    0.00    0.00    0.00    0.00    0.00  100.00
02:36:11      81    0.00    0.00    0.00    0.00    0.00    0.00    0.00    0.00    0.00  100.00
02:36:11      82    0.00    0.00    0.00    0.00    0.00    0.00    0.00    0.00    0.00  100.00
02:36:11      83    0.00    0.00    0.00    0.00    0.00    0.00    0.00    0.00    0.00  100.00
02:36:11      84    0.00    0.00    0.00    0.00    0.00    0.00    0.00    0.00    0.00  100.00
02:36:11      85    0.00    0.00    0.00    0.00    0.00    0.00    0.00    0.00    0.00  100.00
02:36:11      86    0.00    0.00    0.00    0.00    0.00    0.00    0.00    0.00    0.00  100.00
02:36:11      87    0.00    0.00    0.00    0.00    0.00    0.00    0.00    0.00    0.00  100.00
02:36:11      88    0.00    0.00    0.00    0.00    0.00    0.00    0.00    0.00    0.00  100.00
02:36:11      89    0.00    0.00    0.00    0.00    0.00    0.00    0.00    0.00    0.00  100.00
02:36:11      90    0.00    0.00    0.00    0.00    0.00    0.00    0.00    0.00    0.00  100.00
02:36:11      91    0.00    0.00    0.00    0.00    0.00    0.00    0.00    0.00    0.00  100.00
02:36:11      92    0.00    0.00    0.00    0.00    0.00    0.00    0.00    0.00    0.00  100.00
02:36:11      93    0.00    0.00    0.00    0.00    0.00    0.00    0.00    0.00    0.00  100.00
02:36:11      94    0.00    0.00    0.00    0.00    0.00    0.00    0.00    0.00    0.00  100.00
02:36:11      95    0.00    0.00    0.00    0.00    0.00    0.00    0.00    0.00    0.00  100.00

02:36:11     CPU    %usr   %nice    %sys %iowait    %irq   %soft  %steal  %guest  %gnice   %idle
02:36:12     all    1.04    0.00    0.01    0.00    0.00    0.00    0.00    0.00    0.00   98.95
02:36:12       0    0.00    0.00    0.00    0.00    0.00    0.00    0.00    0.00    0.00  100.00
02:36:12       1    0.00    0.00    0.00    0.00    0.00    0.00    0.00    0.00    0.00  100.00
02:36:12       2    0.00    0.00    0.00    0.00    0.00    0.00    0.00    0.00    0.00  100.00
02:36:12       3    0.00    0.00    0.00    0.00    0.00    0.00    0.00    0.00    0.00  100.00
02:36:12       4    0.00    0.00    0.00    0.00    0.00    0.00    0.00    0.00    0.00  100.00
02:36:12       5    0.00    0.00    0.00    0.00    0.00    0.00    0.00    0.00    0.00  100.00
02:36:12       6    0.00    0.00    0.00    0.00    0.00    0.00    0.00    0.00    0.00  100.00
02:36:12       7    0.00    0.00    0.00    0.00    0.00    0.00    0.00    0.00    0.00  100.00
02:36:12       8    0.00    0.00    0.00    0.00    0.00    0.00    0.00    0.00    0.00  100.00
02:36:12       9    0.00    0.00    0.00    0.00    0.00    0.00    0.00    0.00    0.00  100.00
02:36:12      10    0.00    0.00    0.00    0.00    0.00    0.00    0.00    0.00    0.00  100.00
02:36:12      11    0.00    0.00    0.00    0.00    0.00    0.00    0.00    0.00    0.00  100.00
02:36:12      12    0.00    0.00    0.00    0.00    0.00    0.00    0.00    0.00    0.00  100.00
02:36:12      13    0.00    0.00    0.00    0.00    0.00    0.00    0.00    0.00    0.00  100.00
02:36:12      14    0.00    0.00    0.00    0.00    0.00    0.00    0.00    0.00    0.00  100.00
02:36:12      15    0.00    0.00    0.00    0.00    0.00    0.00    0.00    0.00    0.00  100.00
02:36:12      16    0.00    0.00    0.00    0.00    0.00    0.00    0.00    0.00    0.00  100.00
02:36:12      17    0.00    0.00    0.00    0.00    0.00    0.00    0.00    0.00    0.00  100.00
02:36:12      18    0.00    0.00    0.00    0.00    0.00    0.00    0.00    0.00    0.00  100.00
02:36:12      19    0.00    0.00    0.00    0.00    0.00    0.00    0.00    0.00    0.00  100.00
02:36:12      20    0.00    0.00    0.00    0.00    0.00    0.00    0.00    0.00    0.00  100.00
02:36:12      21    0.00    0.00    0.00    0.00    0.00    0.00    0.00    0.00    0.00  100.00
02:36:12      22    0.00    0.00    0.00    0.00    0.00    0.00    0.00    0.00    0.00  100.00
02:36:12      23    0.00    0.00    0.00    0.00    0.00    0.00    0.00    0.00    0.00  100.00
02:36:12      24    0.00    0.00    0.00    0.00    0.00    0.00    0.00    0.00    0.00  100.00
02:36:12      25    0.00    0.00    0.00    0.00    0.00    0.00    0.00    0.00    0.00  100.00
02:36:12      26    0.00    0.00    0.00    0.00    0.00    0.00    0.00    0.00    0.00  100.00
02:36:12      27    0.00    0.00    0.00    0.00    0.00    0.00    0.00    0.00    0.00  100.00
02:36:12      28    0.00    0.00    0.00    0.00    0.00    0.00    0.00    0.00    0.00  100.00
02:36:12      29    0.00    0.00    0.00    0.00    0.00    0.00    0.00    0.00    0.00  100.00
02:36:12      30    0.00    0.00    0.00    0.00    0.00    0.00    0.00    0.00    0.00  100.00
02:36:12      31    0.00    0.00    0.00    0.00    0.00    0.00    0.00    0.00    0.00  100.00
02:36:12      32    0.00    0.00    0.00    0.00    0.00    0.00    0.00    0.00    0.00  100.00
02:36:12      33    0.00    0.00    0.00    0.00    0.00    0.00    0.00    0.00    0.00  100.00
02:36:12      34    0.00    0.00    0.00    0.00    0.00    0.00    0.00    0.00    0.00  100.00
02:36:12      35    0.00    0.00    0.00    0.00    0.00    0.00    0.00    0.00    0.00  100.00
02:36:12      36    0.00    0.00    0.00    0.00    0.00    0.00    0.00    0.00    0.00  100.00
02:36:12      37    0.00    0.00    0.00    0.00    0.00    0.00    0.00    0.00    0.00  100.00
02:36:12      38    0.00    0.00    0.00    0.00    0.00    0.00    0.00    0.00    0.00  100.00
02:36:12      39    0.00    0.00    0.00    0.00    0.00    0.00    0.00    0.00    0.00  100.00
02:36:12      40    0.00    0.00    0.00    0.00    0.00    0.00    0.00    0.00    0.00  100.00
02:36:12      41    0.00    0.00    0.00    0.00    0.00    0.00    0.00    0.00    0.00  100.00
02:36:12      42    0.00    0.00    0.00    0.00    0.00    0.00    0.00    0.00    0.00  100.00
02:36:12      43    0.00    0.00    0.00    0.00    0.00    0.00    0.00    0.00    0.00  100.00
02:36:12      44    0.00    0.00    0.00    0.00    0.00    0.00    0.00    0.00    0.00  100.00
02:36:12      45    0.00    0.00    0.00    0.00    0.00    0.00    0.00    0.00    0.00  100.00
02:36:12      46    0.00    0.00    0.00    0.00    0.00    0.00    0.00    0.00    0.00  100.00
02:36:12      47    0.00    0.00    0.00    0.00    0.00    0.00    0.00    0.00    0.00  100.00
02:36:12      48    0.00    0.00    0.00    0.00    0.00    0.00    0.00    0.00    0.00  100.00
02:36:12      49    0.00    0.00    0.00    0.00    0.00    0.00    0.00    0.00    0.00  100.00
02:36:12      50    0.00    0.00    0.00    0.00    0.00    0.00    0.00    0.00    0.00  100.00
02:36:12      51    0.00    0.00    0.00    0.00    0.00    0.00    0.00    0.00    0.00  100.00
02:36:12      52    0.00    0.00    0.00    0.00    0.00    0.00    0.00    0.00    0.00  100.00
02:36:12      53    0.00    0.00    0.00    0.00    0.00    0.00    0.00    0.00    0.00  100.00
02:36:12      54    0.00    0.00    0.00    0.00    0.00    0.00    0.00    0.00    0.00  100.00
02:36:12      55    0.00    0.00    0.00    0.00    0.00    0.00    0.00    0.00    0.00  100.00
02:36:12      56    0.00    0.00    0.00    0.00    0.00    0.00    0.00    0.00    0.00  100.00
02:36:12      57    0.00    0.00    0.00    0.00    0.00    0.00    0.00    0.00    0.00  100.00
02:36:12      58    0.00    0.00    0.00    0.00    0.00    0.00    0.00    0.00    0.00  100.00
02:36:12      59    0.00    0.00    0.00    0.00    0.00    0.00    0.00    0.00    0.00  100.00
02:36:12      60    0.00    0.00    0.00    0.00    0.00    0.00    0.00    0.00    0.00  100.00
02:36:12      61    0.00    0.00    0.99    0.00    0.00    0.00    0.00    0.00    0.00   99.01
02:36:12      62    0.00    0.00    0.00    0.00    0.00    0.00    0.00    0.00    0.00  100.00
02:36:12      63    0.00    0.00    0.00    0.00    0.00    0.00    0.00    0.00    0.00  100.00
02:36:12      64    0.00    0.00    0.00    0.00    0.00    0.00    0.00    0.00    0.00  100.00
02:36:12      65    0.00    0.00    0.00    0.00    0.00    0.00    0.00    0.00    0.00  100.00
02:36:12      66  100.00    0.00    0.00    0.00    0.00    0.00    0.00    0.00    0.00    0.00
02:36:12      67    0.00    0.00    0.00    0.00    0.00    0.00    0.00    0.00    0.00  100.00
02:36:12      68    0.00    0.00    0.00    0.00    0.00    0.00    0.00    0.00    0.00  100.00
02:36:12      69    0.00    0.00    0.00    0.00    0.00    0.00    0.00    0.00    0.00  100.00
02:36:12      70    0.00    0.00    0.00    0.00    0.00    0.00    0.00    0.00    0.00  100.00
02:36:12      71    0.00    0.00    0.00    0.00    0.00    0.00    0.00    0.00    0.00  100.00
02:36:12      72    0.00    0.00    0.00    0.00    0.00    0.00    0.00    0.00    0.00  100.00
02:36:12      73    0.00    0.00    0.00    0.00    0.00    0.00    0.00    0.00    0.00  100.00
02:36:12      74    0.00    0.00    0.00    0.00    0.00    0.00    0.00    0.00    0.00  100.00
02:36:12      75    0.00    0.00    0.00    0.00    0.00    0.00    0.00    0.00    0.00  100.00
02:36:12      76    0.00    0.00    0.00    0.00    0.00    0.00    0.00    0.00    0.00  100.00
02:36:12      77    0.00    0.00    0.00    0.00    0.00    0.00    0.00    0.00    0.00  100.00
02:36:12      78    0.00    0.00    0.00    0.00    0.00    0.00    0.00    0.00    0.00  100.00
02:36:12      79    0.00    0.00    0.00    0.00    0.00    0.00    0.00    0.00    0.00  100.00
02:36:12      80    0.00    0.00    0.00    0.00    0.00    0.00    0.00    0.00    0.00  100.00
02:36:12      81    0.00    0.00    0.00    0.00    0.00    0.00    0.00    0.00    0.00  100.00
02:36:12      82    0.00    0.00    0.00    0.00    0.00    0.00    0.00    0.00    0.00  100.00
02:36:12      83    0.00    0.00    0.00    0.00    0.00    0.00    0.00    0.00    0.00  100.00
02:36:12      84    0.00    0.00    0.00    0.00    0.00    0.00    0.00    0.00    0.00  100.00
02:36:12      85    0.00    0.00    0.00    0.00    0.00    0.00    0.00    0.00    0.00  100.00
02:36:12      86    0.00    0.00    0.00    0.00    0.00    0.00    0.00    0.00    0.00  100.00
02:36:12      87    0.00    0.00    0.00    0.00    0.00    0.00    0.00    0.00    0.00  100.00
02:36:12      88    0.00    0.00    0.00    0.00    0.00    0.00    0.00    0.00    0.00  100.00
02:36:12      89    0.00    0.00    0.00    0.00    0.00    0.00    0.00    0.00    0.00  100.00
02:36:12      90    0.00    0.00    0.00    0.00    0.00    0.00    0.00    0.00    0.00  100.00
02:36:12      91    0.00    0.00    0.00    0.00    0.00    0.00    0.00    0.00    0.00  100.00
02:36:12      92    0.00    0.00    0.00    0.00    0.00    0.00    0.00    0.00    0.00  100.00
02:36:12      93    0.00    0.00    0.00    0.00    0.00    0.00    0.00    0.00    0.00  100.00
02:36:12      94    0.00    0.00    0.00    0.00    0.00    0.00    0.00    0.00    0.00  100.00
02:36:12      95    0.00    0.00    0.00    0.00    0.00    0.00    0.00    0.00    0.00  100.00

Average:     CPU    %usr   %nice    %sys %iowait    %irq   %soft  %steal  %guest  %gnice   %idle
Average:     all    1.03    0.00    0.01    0.00    0.00    0.00    0.00    0.00    0.00   98.96
Average:       0    0.00    0.00    0.00    0.00    0.00    0.00    0.00    0.00    0.00  100.00
Average:       1    0.00    0.00    0.00    0.00    0.00    0.00    0.00    0.00    0.00  100.00
Average:       2    0.00    0.00    0.00    0.00    0.00    0.00    0.00    0.00    0.00  100.00
Average:       3    0.00    0.00    0.00    0.00    0.00    0.00    0.00    0.00    0.00  100.00
Average:       4    0.00    0.00    0.00    0.00    0.00    0.00    0.00    0.00    0.00  100.00
Average:       5    0.00    0.00    0.00    0.00    0.00    0.00    0.00    0.00    0.00  100.00
Average:       6    0.00    0.00    0.00    0.00    0.00    0.00    0.00    0.00    0.00  100.00
Average:       7    0.00    0.00    0.00    0.00    0.00    0.00    0.00    0.00    0.00  100.00
Average:       8    0.00    0.00    0.00    0.00    0.00    0.00    0.00    0.00    0.00  100.00
Average:       9    0.00    0.00    0.00    0.00    0.00    0.00    0.00    0.00    0.00  100.00
Average:      10    0.00    0.00    0.00    0.00    0.00    0.00    0.00    0.00    0.00  100.00
Average:      11    0.00    0.00    0.00    0.00    0.00    0.00    0.00    0.00    0.00  100.00
Average:      12    0.00    0.00    0.00    0.00    0.00    0.00    0.00    0.00    0.00  100.00
Average:      13    0.00    0.00    0.00    0.00    0.00    0.00    0.00    0.00    0.00  100.00
Average:      14    0.10    0.00    0.10    0.00    0.00    0.00    0.00    0.00    0.00   99.80
Average:      15    0.00    0.00    0.10    0.00    0.00    0.00    0.00    0.00    0.00   99.90
Average:      16    0.00    0.00    0.00    0.00    0.00    0.00    0.00    0.00    0.00  100.00
Average:      17    0.00    0.00    0.00    0.20    0.00    0.00    0.00    0.00    0.00   99.80
Average:      18    0.00    0.00    0.00    0.00    0.00    0.00    0.00    0.00    0.00  100.00
Average:      19    0.00    0.00    0.00    0.00    0.00    0.00    0.00    0.00    0.00  100.00
Average:      20    0.00    0.00    0.00    0.00    0.00    0.00    0.00    0.00    0.00  100.00
Average:      21    0.00    0.00    0.00    0.00    0.00    0.00    0.00    0.00    0.00  100.00
Average:      22    0.00    0.00    0.00    0.00    0.00    0.00    0.00    0.00    0.00  100.00
Average:      23    0.00    0.00    0.00    0.00    0.00    0.00    0.00    0.00    0.00  100.00
Average:      24    0.00    0.00    0.00    0.00    0.00    0.00    0.00    0.00    0.00  100.00
Average:      25    0.00    0.00    0.00    0.00    0.00    0.00    0.00    0.00    0.00  100.00
Average:      26    0.00    0.00    0.00    0.00    0.00    0.00    0.00    0.00    0.00  100.00
Average:      27    0.00    0.00    0.00    0.00    0.00    0.00    0.00    0.00    0.00  100.00
Average:      28    0.00    0.00    0.00    0.00    0.00    0.00    0.00    0.00    0.00  100.00
Average:      29    0.00    0.00    0.00    0.00    0.00    0.00    0.00    0.00    0.00  100.00
Average:      30    0.00    0.00    0.00    0.00    0.00    0.00    0.00    0.00    0.00  100.00
Average:      31    0.00    0.00    0.00    0.00    0.00    0.00    0.00    0.00    0.00  100.00
Average:      32    0.00    0.00    0.00    0.00    0.00    0.00    0.00    0.00    0.00  100.00
Average:      33    0.00    0.00    0.00    0.00    0.00    0.00    0.00    0.00    0.00  100.00
Average:      34    0.00    0.00    0.00    0.00    0.00    0.00    0.00    0.00    0.00  100.00
Average:      35    0.00    0.00    0.00    0.00    0.00    0.00    0.00    0.00    0.00  100.00
Average:      36    0.00    0.00    0.00    0.00    0.00    0.00    0.00    0.00    0.00  100.00
Average:      37    0.00    0.00    0.00    0.00    0.00    0.00    0.00    0.00    0.00  100.00
Average:      38    0.00    0.00    0.00    0.00    0.00    0.00    0.00    0.00    0.00  100.00
Average:      39    0.00    0.00    0.00    0.00    0.00    0.00    0.00    0.00    0.00  100.00
Average:      40    0.00    0.00    0.00    0.00    0.00    0.00    0.00    0.00    0.00  100.00
Average:      41    0.00    0.00    0.00    0.00    0.00    0.00    0.00    0.00    0.00  100.00
Average:      42    0.00    0.00    0.00    0.00    0.00    0.00    0.00    0.00    0.00  100.00
Average:      43    0.00    0.00    0.00    0.00    0.00    0.00    0.00    0.00    0.00  100.00
Average:      44    0.00    0.00    0.00    0.00    0.00    0.00    0.00    0.00    0.00  100.00
Average:      45    0.00    0.00    0.00    0.00    0.00    0.00    0.00    0.00    0.00  100.00
Average:      46    0.00    0.00    0.00    0.00    0.00    0.00    0.00    0.00    0.00  100.00
Average:      47    0.00    0.00    0.00    0.00    0.00    0.00    0.00    0.00    0.00  100.00
Average:      48    0.00    0.00    0.00    0.00    0.00    0.00    0.00    0.00    0.00  100.00
Average:      49    0.00    0.00    0.00    0.00    0.00    0.00    0.00    0.00    0.00  100.00
Average:      50    0.00    0.00    0.00    0.00    0.00    0.00    0.00    0.00    0.00  100.00
Average:      51    0.00    0.00    0.00    0.00    0.00    0.00    0.00    0.00    0.00  100.00
Average:      52    0.00    0.00    0.00    0.00    0.00    0.00    0.00    0.00    0.00  100.00
Average:      53    0.00    0.00    0.00    0.00    0.00    0.00    0.00    0.00    0.00  100.00
Average:      54    0.00    0.00    0.00    0.00    0.00    0.00    0.00    0.00    0.00  100.00
Average:      55    0.00    0.00    0.00    0.00    0.00    0.00    0.00    0.00    0.00  100.00
Average:      56    0.00    0.00    0.00    0.00    0.00    0.00    0.00    0.00    0.00  100.00
Average:      57    0.00    0.00    0.00    0.00    0.00    0.00    0.00    0.00    0.00  100.00
Average:      58    0.00    0.00    0.00    0.00    0.00    0.00    0.00    0.00    0.00  100.00
Average:      59    0.00    0.00    0.00    0.00    0.00    0.00    0.00    0.00    0.00  100.00
Average:      60    0.00    0.00    0.00    0.00    0.00    0.00    0.00    0.00    0.00  100.00
Average:      61    0.00    0.00    0.10    0.00    0.00    0.00    0.00    0.00    0.00   99.90
Average:      62    0.00    0.00    0.00    0.00    0.00    0.00    0.00    0.00    0.00  100.00
Average:      63    0.00    0.00    0.00    0.00    0.00    0.00    0.00    0.00    0.00  100.00
Average:      64    0.00    0.00    0.00    0.00    0.00    0.00    0.00    0.00    0.00  100.00
Average:      65    0.00    0.00    0.00    0.00    0.00    0.00    0.00    0.00    0.00  100.00
Average:      66   99.20    0.00    0.50    0.00    0.00    0.00    0.00    0.00    0.00    0.30
Average:      67    0.00    0.00    0.00    0.00    0.00    0.00    0.00    0.00    0.00  100.00
Average:      68    0.00    0.00    0.00    0.00    0.00    0.00    0.00    0.00    0.00  100.00
Average:      69    0.00    0.00    0.00    0.00    0.00    0.00    0.00    0.00    0.00  100.00
Average:      70    0.00    0.00    0.00    0.00    0.00    0.00    0.00    0.00    0.00  100.00
Average:      71    0.00    0.00    0.00    0.00    0.00    0.00    0.00    0.00    0.00  100.00
Average:      72    0.00    0.00    0.00    0.00    0.00    0.00    0.00    0.00    0.00  100.00
Average:      73    0.00    0.00    0.00    0.00    0.00    0.00    0.00    0.00    0.00  100.00
Average:      74    0.00    0.00    0.00    0.00    0.00    0.00    0.00    0.00    0.00  100.00
Average:      75    0.00    0.00    0.00    0.00    0.00    0.00    0.00    0.00    0.00  100.00
Average:      76    0.00    0.00    0.00    0.00    0.00    0.00    0.00    0.00    0.00  100.00
Average:      77    0.00    0.00    0.00    0.00    0.00    0.00    0.00    0.00    0.00  100.00
Average:      78    0.00    0.00    0.00    0.00    0.00    0.00    0.00    0.00    0.00  100.00
Average:      79    0.00    0.00    0.00    0.00    0.00    0.00    0.00    0.00    0.00  100.00
Average:      80    0.00    0.00    0.00    0.00    0.00    0.00    0.00    0.00    0.00  100.00
Average:      81    0.00    0.00    0.00    0.00    0.00    0.00    0.00    0.00    0.00  100.00
Average:      82    0.00    0.00    0.00    0.00    0.00    0.00    0.00    0.00    0.00  100.00
Average:      83    0.00    0.00    0.00    0.00    0.00    0.00    0.00    0.00    0.00  100.00
Average:      84    0.00    0.00    0.00    0.00    0.00    0.00    0.00    0.00    0.00  100.00
Average:      85    0.00    0.00    0.00    0.00    0.00    0.00    0.00    0.00    0.00  100.00
Average:      86    0.00    0.00    0.00    0.00    0.00    0.00    0.00    0.00    0.00  100.00
Average:      87    0.00    0.00    0.00    0.00    0.00    0.00    0.00    0.00    0.00  100.00
Average:      88    0.00    0.00    0.00    0.00    0.00    0.00    0.00    0.00    0.00  100.00
Average:      89    0.00    0.00    0.00    0.00    0.00    0.00    0.00    0.00    0.00  100.00
Average:      90    0.00    0.00    0.00    0.00    0.00    0.00    0.00    0.00    0.00  100.00
Average:      91    0.00    0.00    0.00    0.00    0.00    0.00    0.00    0.00    0.00  100.00
Average:      92    0.00    0.00    0.00    0.00    0.00    0.00    0.00    0.00    0.00  100.00
Average:      93    0.00    0.00    0.00    0.00    0.00    0.00    0.00    0.00    0.00  100.00
Average:      94    0.00    0.00    0.00    0.00    0.00    0.00    0.00    0.00    0.00  100.00
Average:      95    0.00    0.00    0.00    0.00    0.00    0.00    0.00    0.00    0.00  100.00
