Linux 6.17.0-1017-aws (ip-10-42-1-164) 	08/22/26 	_x86_64_	(96 CPU)

02:36:43     CPU    %usr   %nice    %sys %iowait    %irq   %soft  %steal  %guest  %gnice   %idle
02:36:44     all   35.96    0.00    0.31    0.29    0.00    0.00    0.00    0.00    0.00   63.43
02:36:44       0    0.00    0.00    0.00    0.00    0.00    0.00    0.00    0.00    0.00  100.00
02:36:44       1   70.00    0.00    0.00    1.00    0.00    0.00    0.00    0.00    0.00   29.00
02:36:44       2    0.00    0.00    0.00    0.00    0.00    0.00    0.00    0.00    0.00  100.00
02:36:44       3    0.00    0.00    0.00    0.00    0.00    0.00    0.00    0.00    0.00  100.00
02:36:44       4    0.00    0.00    0.00    0.00    0.00    0.00    0.00    0.00    0.00  100.00
02:36:44       5    0.00    0.00    0.00    0.00    0.00    0.00    0.00    0.00    0.00  100.00
02:36:44       6    0.00    0.00    0.00    0.00    0.00    0.00    0.00    0.00    0.00  100.00
02:36:44       7    0.00    0.00    0.00    0.00    0.00    0.00    0.00    0.00    0.00  100.00
02:36:44       8    0.00    0.00    0.00    0.00    0.00    0.00    0.00    0.00    0.00  100.00
02:36:44       9    0.00    0.00    0.00    0.00    0.00    0.00    0.00    0.00    0.00  100.00
02:36:44      10    0.00    0.00    0.00    0.00    0.00    0.00    0.00    0.00    0.00  100.00
02:36:44      11    0.00    0.00    0.00    0.00    0.00    0.00    0.00    0.00    0.00  100.00
02:36:44      12    0.00    0.00    0.00    0.00    0.00    0.00    0.00    0.00    0.00  100.00
02:36:44      13   72.00    0.00    0.00    1.00    0.00    0.00    0.00    0.00    0.00   27.00
02:36:44      14    0.00    0.00    0.00    0.00    0.00    0.00    0.00    0.00    0.00  100.00
02:36:44      15   71.29    0.00    0.99    0.00    0.00    0.00    0.00    0.00    0.00   27.72
02:36:44      16   71.72    0.00    0.00    0.00    0.00    0.00    0.00    0.00    0.00   28.28
02:36:44      17   72.73    0.00    0.00    0.00    0.00    0.00    0.00    0.00    0.00   27.27
02:36:44      18    0.00    0.00    0.00    0.00    0.00    0.00    0.00    0.00    0.00  100.00
02:36:44      19    0.00    0.00    0.00    0.00    0.00    0.00    0.00    0.00    0.00  100.00
02:36:44      20    0.00    0.00    0.00    0.00    0.00    0.00    0.00    0.00    0.00  100.00
02:36:44      21    0.00    0.00    0.00    0.00    0.00    0.00    0.00    0.00    0.00  100.00
02:36:44      22    0.00    0.00    0.00    0.00    0.00    0.00    0.00    0.00    0.00  100.00
02:36:44      23   71.00    0.00    1.00    1.00    0.00    0.00    0.00    0.00    0.00   27.00
02:36:44      24    0.00    0.00    0.00    0.00    0.00    0.00    0.00    0.00    0.00  100.00
02:36:44      25    0.00    0.00    0.00    0.00    0.00    0.00    0.00    0.00    0.00  100.00
02:36:44      26    0.00    0.00    0.00    0.00    0.00    0.00    0.00    0.00    0.00  100.00
02:36:44      27    0.00    0.00    0.00    0.00    0.00    0.00    0.00    0.00    0.00  100.00
02:36:44      28    0.00    0.00    0.00    0.00    0.00    0.00    0.00    0.00    0.00  100.00
02:36:44      29    0.00    0.00    0.00    0.00    0.00    0.00    0.00    0.00    0.00  100.00
02:36:44      30    0.00    0.00    0.00    0.00    0.00    0.00    0.00    0.00    0.00  100.00
02:36:44      31    0.00    0.00    0.00    0.00    0.00    0.00    0.00    0.00    0.00  100.00
02:36:44      32    0.00    0.00    0.00    0.00    0.00    0.00    0.00    0.00    0.00  100.00
02:36:44      33    0.00    0.00    0.00    0.00    0.00    0.00    0.00    0.00    0.00  100.00
02:36:44      34    0.00    0.00    0.00    0.00    0.00    0.00    0.00    0.00    0.00  100.00
02:36:44      35    0.00    0.00    0.00    0.00    0.00    0.00    0.00    0.00    0.00  100.00
02:36:44      36    0.00    0.00    0.00    0.00    0.00    0.00    0.00    0.00    0.00  100.00
02:36:44      37    0.00    0.00    0.00    0.00    0.00    0.00    0.00    0.00    0.00  100.00
02:36:44      38    0.00    0.00    0.00    0.00    0.00    0.00    0.00    0.00    0.00  100.00
02:36:44      39    0.00    0.00    0.00    0.00    0.00    0.00    0.00    0.00    0.00  100.00
02:36:44      40   71.29    0.00    0.99    0.99    0.00    0.00    0.00    0.00    0.00   26.73
02:36:44      41    0.00    0.00    0.00    0.00    0.00    0.00    0.00    0.00    0.00  100.00
02:36:44      42    0.00    0.00    0.00    0.00    0.00    0.00    0.00    0.00    0.00  100.00
02:36:44      43    0.00    0.00    0.00    0.00    0.00    0.00    0.00    0.00    0.00  100.00
02:36:44      44   72.00    0.00    0.00    1.00    0.00    0.00    0.00    0.00    0.00   27.00
02:36:44      45    0.00    0.00    0.00    0.00    0.00    0.00    0.00    0.00    0.00  100.00
02:36:44      46    0.00    0.00    0.00    0.00    0.00    0.00    0.00    0.00    0.00  100.00
02:36:44      47    0.00    0.00    0.00    0.00    0.00    0.00    0.00    0.00    0.00  100.00
02:36:44      48   71.00    0.00    1.00    0.00    0.00    0.00    0.00    0.00    0.00   28.00
02:36:44      49    1.01    0.00    0.00    0.00    0.00    0.00    0.00    0.00    0.00   98.99
02:36:44      50   71.29    0.00    0.99    0.00    0.00    0.00    0.00    0.00    0.00   27.72
02:36:44      51   72.00    0.00    1.00    0.00    0.00    0.00    0.00    0.00    0.00   27.00
02:36:44      52   71.00    0.00    1.00    1.00    0.00    0.00    0.00    0.00    0.00   27.00
02:36:44      53   71.00    0.00    0.00    1.00    0.00    0.00    0.00    0.00    0.00   28.00
02:36:44      54   71.00    0.00    1.00    1.00    0.00    0.00    0.00    0.00    0.00   27.00
02:36:44      55   70.30    0.00    0.99    0.99    0.00    0.00    0.00    0.00    0.00   27.72
02:36:44      56   72.00    0.00    0.00    1.00    0.00    0.00    0.00    0.00    0.00   27.00
02:36:44      57   70.30    0.00    0.99    0.99    0.00    0.00    0.00    0.00    0.00   27.72
02:36:44      58   71.00    0.00    0.00    1.00    0.00    0.00    0.00    0.00    0.00   28.00
02:36:44      59   71.00    0.00    1.00    0.00    0.00    0.00    0.00    0.00    0.00   28.00
02:36:44      60   71.00    0.00    0.00    1.00    0.00    0.00    0.00    0.00    0.00   28.00
02:36:44      61    0.00    0.00    0.00    0.00    0.00    0.00    0.00    0.00    0.00  100.00
02:36:44      62   71.29    0.00    0.99    0.00    0.00    0.00    0.00    0.00    0.00   27.72
02:36:44      63    0.00    0.00    0.00    0.00    0.00    0.00    0.00    0.00    0.00  100.00
02:36:44      64    0.00    0.00    0.00    0.00    0.00    0.00    0.00    0.00    0.00  100.00
02:36:44      65    0.00    0.00    0.00    0.00    0.00    0.00    0.00    0.00    0.00  100.00
02:36:44      66   93.07    0.00    5.94    0.00    0.00    0.00    0.00    0.00    0.00    0.99
02:36:44      67   72.00    0.00    0.00    1.00    0.00    0.00    0.00    0.00    0.00   27.00
02:36:44      68   71.29    0.00    0.99    0.00    0.00    0.00    0.00    0.00    0.00   27.72
02:36:44      69   72.73    0.00    0.00    0.00    0.00    0.00    0.00    0.00    0.00   27.27
02:36:44      70   71.29    0.00    0.99    0.00    0.00    0.00    0.00    0.00    0.00   27.72
02:36:44      71    0.00    0.00    0.00    0.00    0.00    0.00    0.00    0.00    0.00  100.00
02:36:44      72   71.29    0.00    0.99    0.00    0.00    0.00    0.00    0.00    0.00   27.72
02:36:44      73   71.72    0.00    1.01    0.00    0.00    0.00    0.00    0.00    0.00   27.27
02:36:44      74   72.00    0.00    0.00    0.00    0.00    0.00    0.00    0.00    0.00   28.00
02:36:44      75   71.00    0.00    0.00    1.00    0.00    0.00    0.00    0.00    0.00   28.00
02:36:44      76   72.73    0.00    0.00    0.00    0.00    0.00    0.00    0.00    0.00   27.27
02:36:44      77   71.29    0.00    0.00    0.99    0.00    0.00    0.00    0.00    0.00   27.72
02:36:44      78   71.72    0.00    0.00    1.01    0.00    0.00    0.00    0.00    0.00   27.27
02:36:44      79   71.29    0.00    0.99    0.99    0.00    0.00    0.00    0.00    0.00   26.73
02:36:44      80   71.00    0.00    1.00    1.00    0.00    0.00    0.00    0.00    0.00   27.00
02:36:44      81   71.72    0.00    0.00    0.00    0.00    0.00    0.00    0.00    0.00   28.28
02:36:44      82   71.29    0.00    0.99    0.99    0.00    0.00    0.00    0.00    0.00   26.73
02:36:44      83   71.72    0.00    0.00    1.01    0.00    0.00    0.00    0.00    0.00   27.27
02:36:44      84   71.29    0.00    0.99    0.00    0.00    0.00    0.00    0.00    0.00   27.72
02:36:44      85   71.00    0.00    1.00    1.00    0.00    0.00    0.00    0.00    0.00   27.00
02:36:44      86   72.00    0.00    0.00    1.00    0.00    0.00    0.00    0.00    0.00   27.00
02:36:44      87   71.00    0.00    1.00    0.00    0.00    0.00    0.00    0.00    0.00   28.00
02:36:44      88    0.00    0.00    0.00    0.00    0.00    0.00    0.00    0.00    0.00  100.00
02:36:44      89   71.29    0.00    0.00    0.99    0.00    0.00    0.00    0.00    0.00   27.72
02:36:44      90   71.72    0.00    0.00    1.01    0.00    0.00    0.00    0.00    0.00   27.27
02:36:44      91   72.45    0.00    0.00    0.00    0.00    0.00    0.00    0.00    0.00   27.55
02:36:44      92    0.00    0.00    0.00    0.00    0.00    0.00    0.00    0.00    0.00  100.00
02:36:44      93   71.72    0.00    0.00    1.01    0.00    0.00    0.00    0.00    0.00   27.27
02:36:44      94   71.29    0.00    0.99    0.99    0.00    0.00    0.00    0.00    0.00   26.73
02:36:44      95   70.30    0.00    0.99    0.99    0.00    0.00    0.00    0.00    0.00   27.72

02:36:44     CPU    %usr   %nice    %sys %iowait    %irq   %soft  %steal  %guest  %gnice   %idle
02:36:45     all   49.62    0.00    0.38    0.00    0.00    0.00    0.00    0.00    0.00   50.01
02:36:45       0    0.00    0.00    0.00    0.00    0.00    0.00    0.00    0.00    0.00  100.00
02:36:45       1   99.00    0.00    1.00    0.00    0.00    0.00    0.00    0.00    0.00    0.00
02:36:45       2    0.00    0.00    0.00    0.00    0.00    0.00    0.00    0.00    0.00  100.00
02:36:45       3    0.00    0.00    0.00    0.00    0.00    0.00    0.00    0.00    0.00  100.00
02:36:45       4    0.00    0.00    0.00    0.00    0.00    0.00    0.00    0.00    0.00  100.00
02:36:45       5   89.90    0.00    0.00    0.00    0.00    0.00    0.00    0.00    0.00   10.10
02:36:45       6    0.00    0.00    0.00    0.00    0.00    0.00    0.00    0.00    0.00  100.00
02:36:45       7    0.00    0.00    0.00    0.00    0.00    0.00    0.00    0.00    0.00  100.00
02:36:45       8    0.00    0.00    0.00    0.00    0.00    0.00    0.00    0.00    0.00  100.00
02:36:45       9    0.00    0.00    0.00    0.00    0.00    0.00    0.00    0.00    0.00  100.00
02:36:45      10    0.00    0.00    0.00    0.00    0.00    0.00    0.00    0.00    0.00  100.00
02:36:45      11    0.00    0.00    0.00    0.00    0.00    0.00    0.00    0.00    0.00  100.00
02:36:45      12    0.00    0.00    0.00    0.00    0.00    0.00    0.00    0.00    0.00  100.00
02:36:45      13   99.01    0.00    0.99    0.00    0.00    0.00    0.00    0.00    0.00    0.00
02:36:45      14   89.00    0.00    0.00    0.00    0.00    0.00    0.00    0.00    0.00   11.00
02:36:45      15   99.00    0.00    1.00    0.00    0.00    0.00    0.00    0.00    0.00    0.00
02:36:45      16   99.01    0.00    0.99    0.00    0.00    0.00    0.00    0.00    0.00    0.00
02:36:45      17   99.00    0.00    1.00    0.00    0.00    0.00    0.00    0.00    0.00    0.00
02:36:45      18    0.00    0.00    0.00    0.00    0.00    0.00    0.00    0.00    0.00  100.00
02:36:45      19    0.00    0.00    0.00    0.00    0.00    0.00    0.00    0.00    0.00  100.00
02:36:45      20    0.00    0.00    0.00    0.00    0.00    0.00    0.00    0.00    0.00  100.00
02:36:45      21    0.00    0.00    0.00    0.00    0.00    0.00    0.00    0.00    0.00  100.00
02:36:45      22    0.00    0.00    0.00    0.00    0.00    0.00    0.00    0.00    0.00  100.00
02:36:45      23   99.00    0.00    1.00    0.00    0.00    0.00    0.00    0.00    0.00    0.00
02:36:45      24    0.00    0.00    0.00    0.00    0.00    0.00    0.00    0.00    0.00  100.00
02:36:45      25    0.00    0.00    0.00    0.00    0.00    0.00    0.00    0.00    0.00  100.00
02:36:45      26    0.00    0.00    0.00    0.00    0.00    0.00    0.00    0.00    0.00  100.00
02:36:45      27    0.00    0.00    0.00    0.00    0.00    0.00    0.00    0.00    0.00  100.00
02:36:45      28    0.00    0.00    0.00    0.00    0.00    0.00    0.00    0.00    0.00  100.00
02:36:45      29    0.00    0.00    0.00    0.00    0.00    0.00    0.00    0.00    0.00  100.00
02:36:45      30    0.00    0.00    0.00    0.00    0.00    0.00    0.00    0.00    0.00  100.00
02:36:45      31    0.00    0.00    0.00    0.00    0.00    0.00    0.00    0.00    0.00  100.00
02:36:45      32    0.00    0.00    0.00    0.00    0.00    0.00    0.00    0.00    0.00  100.00
02:36:45      33    0.00    0.00    0.00    0.00    0.00    0.00    0.00    0.00    0.00  100.00
02:36:45      34    0.00    0.00    0.00    0.00    0.00    0.00    0.00    0.00    0.00  100.00
02:36:45      35    0.00    0.00    0.00    0.00    0.00    0.00    0.00    0.00    0.00  100.00
02:36:45      36    0.00    0.00    0.00    0.00    0.00    0.00    0.00    0.00    0.00  100.00
02:36:45      37    0.00    0.00    0.00    0.00    0.00    0.00    0.00    0.00    0.00  100.00
02:36:45      38    0.00    0.00    0.00    0.00    0.00    0.00    0.00    0.00    0.00  100.00
02:36:45      39    0.00    0.00    0.00    0.00    0.00    0.00    0.00    0.00    0.00  100.00
02:36:45      40  100.00    0.00    0.00    0.00    0.00    0.00    0.00    0.00    0.00    0.00
02:36:45      41    0.00    0.00    0.00    0.00    0.00    0.00    0.00    0.00    0.00  100.00
02:36:45      42    0.00    0.00    0.00    0.00    0.00    0.00    0.00    0.00    0.00  100.00
02:36:45      43    0.00    0.00    0.00    0.00    0.00    0.00    0.00    0.00    0.00  100.00
02:36:45      44   99.00    0.00    1.00    0.00    0.00    0.00    0.00    0.00    0.00    0.00
02:36:45      45    0.00    0.00    0.00    0.00    0.00    0.00    0.00    0.00    0.00  100.00
02:36:45      46    0.00    0.00    0.00    0.00    0.00    0.00    0.00    0.00    0.00  100.00
02:36:45      47    0.00    0.00    0.00    0.00    0.00    0.00    0.00    0.00    0.00  100.00
02:36:45      48  100.00    0.00    0.00    0.00    0.00    0.00    0.00    0.00    0.00    0.00
02:36:45      49    0.00    0.00    0.00    0.00    0.00    0.00    0.00    0.00    0.00  100.00
02:36:45      50   99.00    0.00    1.00    0.00    0.00    0.00    0.00    0.00    0.00    0.00
02:36:45      51  100.00    0.00    0.00    0.00    0.00    0.00    0.00    0.00    0.00    0.00
02:36:45      52  100.00    0.00    0.00    0.00    0.00    0.00    0.00    0.00    0.00    0.00
02:36:45      53   10.00    0.00    1.00    0.00    0.00    0.00    0.00    0.00    0.00   89.00
02:36:45      54   99.00    0.00    1.00    0.00    0.00    0.00    0.00    0.00    0.00    0.00
02:36:45      55  100.00    0.00    0.00    0.00    0.00    0.00    0.00    0.00    0.00    0.00
02:36:45      56   99.00    0.00    1.00    0.00    0.00    0.00    0.00    0.00    0.00    0.00
02:36:45      57  100.00    0.00    0.00    0.00    0.00    0.00    0.00    0.00    0.00    0.00
02:36:45      58   99.01    0.00    0.99    0.00    0.00    0.00    0.00    0.00    0.00    0.00
02:36:45      59   99.01    0.00    0.99    0.00    0.00    0.00    0.00    0.00    0.00    0.00
02:36:45      60   99.01    0.00    0.99    0.00    0.00    0.00    0.00    0.00    0.00    0.00
02:36:45      61    0.00    0.00    0.00    0.00    0.00    0.00    0.00    0.00    0.00  100.00
02:36:45      62   10.00    0.00    0.00    0.00    0.00    0.00    0.00    0.00    0.00   90.00
02:36:45      63    0.00    0.00    0.00    0.00    0.00    0.00    0.00    0.00    0.00  100.00
02:36:45      64    0.00    0.00    0.00    0.00    0.00    0.00    0.00    0.00    0.00  100.00
02:36:45      65    0.00    0.00    0.00    0.00    0.00    0.00    0.00    0.00    0.00  100.00
02:36:45      66   98.99    0.00    1.01    0.00    0.00    0.00    0.00    0.00    0.00    0.00
02:36:45      67   99.00    0.00    1.00    0.00    0.00    0.00    0.00    0.00    0.00    0.00
02:36:45      68   99.00    0.00    1.00    0.00    0.00    0.00    0.00    0.00    0.00    0.00
02:36:45      69   99.00    0.00    1.00    0.00    0.00    0.00    0.00    0.00    0.00    0.00
02:36:45      70  100.00    0.00    0.00    0.00    0.00    0.00    0.00    0.00    0.00    0.00
02:36:45      71    0.00    0.00    0.00    0.00    0.00    0.00    0.00    0.00    0.00  100.00
02:36:45      72   99.00    0.00    1.00    0.00    0.00    0.00    0.00    0.00    0.00    0.00
02:36:45      73  100.00    0.00    0.00    0.00    0.00    0.00    0.00    0.00    0.00    0.00
02:36:45      74   99.00    0.00    1.00    0.00    0.00    0.00    0.00    0.00    0.00    0.00
02:36:45      75   98.02    0.00    1.98    0.00    0.00    0.00    0.00    0.00    0.00    0.00
02:36:45      76   99.00    0.00    1.00    0.00    0.00    0.00    0.00    0.00    0.00    0.00
02:36:45      77   99.00    0.00    1.00    0.00    0.00    0.00    0.00    0.00    0.00    0.00
02:36:45      78   99.00    0.00    1.00    0.00    0.00    0.00    0.00    0.00    0.00    0.00
02:36:45      79  100.00    0.00    0.00    0.00    0.00    0.00    0.00    0.00    0.00    0.00
02:36:45      80   99.00    0.00    1.00    0.00    0.00    0.00    0.00    0.00    0.00    0.00
02:36:45      81   99.00    0.00    1.00    0.00    0.00    0.00    0.00    0.00    0.00    0.00
02:36:45      82   99.00    0.00    1.00    0.00    0.00    0.00    0.00    0.00    0.00    0.00
02:36:45      83   99.00    0.00    1.00    0.00    0.00    0.00    0.00    0.00    0.00    0.00
02:36:45      84  100.00    0.00    0.00    0.00    0.00    0.00    0.00    0.00    0.00    0.00
02:36:45      85   99.00    0.00    1.00    0.00    0.00    0.00    0.00    0.00    0.00    0.00
02:36:45      86   99.00    0.00    1.00    0.00    0.00    0.00    0.00    0.00    0.00    0.00
02:36:45      87  100.00    0.00    0.00    0.00    0.00    0.00    0.00    0.00    0.00    0.00
02:36:45      88    0.00    0.00    0.00    0.00    0.00    0.00    0.00    0.00    0.00  100.00
02:36:45      89   99.00    0.00    1.00    0.00    0.00    0.00    0.00    0.00    0.00    0.00
02:36:45      90   99.00    0.00    1.00    0.00    0.00    0.00    0.00    0.00    0.00    0.00
02:36:45      91   99.01    0.00    0.99    0.00    0.00    0.00    0.00    0.00    0.00    0.00
02:36:45      92    0.00    0.00    0.00    0.00    0.00    0.00    0.00    0.00    0.00  100.00
02:36:45      93   99.00    0.00    1.00    0.00    0.00    0.00    0.00    0.00    0.00    0.00
02:36:45      94  100.00    0.00    0.00    0.00    0.00    0.00    0.00    0.00    0.00    0.00
02:36:45      95   99.00    0.00    1.00    0.00    0.00    0.00    0.00    0.00    0.00    0.00

02:36:45     CPU    %usr   %nice    %sys %iowait    %irq   %soft  %steal  %guest  %gnice   %idle
02:36:46     all   43.00    0.00    0.24    0.00    0.00    0.00    0.00    0.00    0.00   56.76
02:36:46       0    0.00    0.00    0.00    0.00    0.00    0.00    0.00    0.00    0.00  100.00
02:36:46       1   86.00    0.00    0.00    0.00    0.00    0.00    0.00    0.00    0.00   14.00
02:36:46       2    0.00    0.00    0.00    0.00    0.00    0.00    0.00    0.00    0.00  100.00
02:36:46       3    0.00    0.00    0.00    0.00    0.00    0.00    0.00    0.00    0.00  100.00
02:36:46       4    0.00    0.00    0.00    0.00    0.00    0.00    0.00    0.00    0.00  100.00
02:36:46       5   85.15    0.00    0.99    0.00    0.00    0.00    0.00    0.00    0.00   13.86
02:36:46       6    0.00    0.00    0.00    0.00    0.00    0.00    0.00    0.00    0.00  100.00
02:36:46       7    0.00    0.00    0.00    0.00    0.00    0.00    0.00    0.00    0.00  100.00
02:36:46       8    0.00    0.00    0.00    0.00    0.00    0.00    0.00    0.00    0.00  100.00
02:36:46       9    0.00    0.00    0.00    0.00    0.00    0.00    0.00    0.00    0.00  100.00
02:36:46      10    0.00    0.00    0.00    0.00    0.00    0.00    0.00    0.00    0.00  100.00
02:36:46      11    0.00    0.00    0.00    0.00    0.00    0.00    0.00    0.00    0.00  100.00
02:36:46      12    0.00    0.00    0.00    0.00    0.00    0.00    0.00    0.00    0.00  100.00
02:36:46      13   85.86    0.00    0.00    0.00    0.00    0.00    0.00    0.00    0.00   14.14
02:36:46      14   86.00    0.00    1.00    0.00    0.00    0.00    0.00    0.00    0.00   13.00
02:36:46      15   86.87    0.00    0.00    0.00    0.00    0.00    0.00    0.00    0.00   13.13
02:36:46      16   86.87    0.00    0.00    0.00    0.00    0.00    0.00    0.00    0.00   13.13
02:36:46      17   86.00    0.00    0.00    0.00    0.00    0.00    0.00    0.00    0.00   14.00
02:36:46      18    0.00    0.00    0.00    0.00    0.00    0.00    0.00    0.00    0.00  100.00
02:36:46      19    0.99    0.00    0.00    0.00    0.00    0.00    0.00    0.00    0.00   99.01
02:36:46      20    0.00    0.00    0.00    0.00    0.00    0.00    0.00    0.00    0.00  100.00
02:36:46      21    0.00    0.00    0.00    0.00    0.00    0.00    0.00    0.00    0.00  100.00
02:36:46      22    0.00    0.00    0.00    0.00    0.00    0.00    0.00    0.00    0.00  100.00
02:36:46      23   86.00    0.00    1.00    0.00    0.00    0.00    0.00    0.00    0.00   13.00
02:36:46      24    0.00    0.00    0.00    0.00    0.00    0.00    0.00    0.00    0.00  100.00
02:36:46      25    0.00    0.00    0.00    0.00    0.00    0.00    0.00    0.00    0.00  100.00
02:36:46      26    0.00    0.00    0.00    0.00    0.00    0.00    0.00    0.00    0.00  100.00
02:36:46      27    0.00    0.00    0.00    0.00    0.00    0.00    0.00    0.00    0.00  100.00
02:36:46      28    0.00    0.00    0.00    0.00    0.00    0.00    0.00    0.00    0.00  100.00
02:36:46      29    0.00    0.00    0.00    0.00    0.00    0.00    0.00    0.00    0.00  100.00
02:36:46      30    0.00    0.00    0.00    0.00    0.00    0.00    0.00    0.00    0.00  100.00
02:36:46      31    0.00    0.00    0.00    0.00    0.00    0.00    0.00    0.00    0.00  100.00
02:36:46      32    0.00    0.00    0.00    0.00    0.00    0.00    0.00    0.00    0.00  100.00
02:36:46      33    0.00    0.00    0.00    0.00    0.00    0.00    0.00    0.00    0.00  100.00
02:36:46      34    0.00    0.00    0.00    0.00    0.00    0.00    0.00    0.00    0.00  100.00
02:36:46      35    0.00    0.00    0.00    0.00    0.00    0.00    0.00    0.00    0.00  100.00
02:36:46      36    0.00    0.00    0.00    0.00    0.00    0.00    0.00    0.00    0.00  100.00
02:36:46      37    0.00    0.00    0.00    0.00    0.00    0.00    0.00    0.00    0.00  100.00
02:36:46      38    0.00    0.00    0.00    0.00    0.00    0.00    0.00    0.00    0.00  100.00
02:36:46      39   70.00    0.00    0.00    0.00    0.00    0.00    0.00    0.00    0.00   30.00
02:36:46      40   85.15    0.00    0.99    0.00    0.00    0.00    0.00    0.00    0.00   13.86
02:36:46      41    0.00    0.00    0.00    0.00    0.00    0.00    0.00    0.00    0.00  100.00
02:36:46      42    0.00    0.00    0.00    0.00    0.00    0.00    0.00    0.00    0.00  100.00
02:36:46      43    0.00    0.00    0.00    0.00    0.00    0.00    0.00    0.00    0.00  100.00
02:36:46      44   85.00    0.00    1.00    0.00    0.00    0.00    0.00    0.00    0.00   14.00
02:36:46      45    0.00    0.00    0.00    0.00    0.00    0.00    0.00    0.00    0.00  100.00
02:36:46      46    0.00    0.00    0.00    0.00    0.00    0.00    0.00    0.00    0.00  100.00
02:36:46      47    0.00    0.00    0.00    0.00    0.00    0.00    0.00    0.00    0.00  100.00
02:36:46      48   86.00    0.00    1.00    0.00    0.00    0.00    0.00    0.00    0.00   13.00
02:36:46      49    0.00    0.00    0.00    0.00    0.00    0.00    0.00    0.00    0.00  100.00
02:36:46      50   86.00    0.00    0.00    0.00    0.00    0.00    0.00    0.00    0.00   14.00
02:36:46      51   85.15    0.00    0.99    0.00    0.00    0.00    0.00    0.00    0.00   13.86
02:36:46      52   85.15    0.00    0.99    0.00    0.00    0.00    0.00    0.00    0.00   13.86
02:36:46      53    0.00    0.00    0.00    0.00    0.00    0.00    0.00    0.00    0.00  100.00
02:36:46      54   86.00    0.00    0.00    0.00    0.00    0.00    0.00    0.00    0.00   14.00
02:36:46      55   85.86    0.00    1.01    0.00    0.00    0.00    0.00    0.00    0.00   13.13
02:36:46      56   86.00    0.00    0.00    0.00    0.00    0.00    0.00    0.00    0.00   14.00
02:36:46      57   86.00    0.00    1.00    0.00    0.00    0.00    0.00    0.00    0.00   13.00
02:36:46      58   86.73    0.00    0.00    0.00    0.00    0.00    0.00    0.00    0.00   13.27
02:36:46      59   86.73    0.00    0.00    0.00    0.00    0.00    0.00    0.00    0.00   13.27
02:36:46      60   86.87    0.00    0.00    0.00    0.00    0.00    0.00    0.00    0.00   13.13
02:36:46      61    0.00    0.00    0.00    0.00    0.00    0.00    0.00    0.00    0.00  100.00
02:36:46      62    0.00    0.00    0.00    0.00    0.00    0.00    0.00    0.00    0.00  100.00
02:36:46      63    0.00    0.00    0.00    0.00    0.00    0.00    0.00    0.00    0.00  100.00
02:36:46      64    0.00    0.00    0.00    0.00    0.00    0.00    0.00    0.00    0.00  100.00
02:36:46      65    0.00    0.00    0.00    0.00    0.00    0.00    0.00    0.00    0.00  100.00
02:36:46      66   90.00    0.00    1.00    0.00    0.00    0.00    0.00    0.00    0.00    9.00
02:36:46      67   86.00    0.00    0.00    0.00    0.00    0.00    0.00    0.00    0.00   14.00
02:36:46      68   86.87    0.00    0.00    0.00    0.00    0.00    0.00    0.00    0.00   13.13
02:36:46      69   86.00    0.00    0.00    0.00    0.00    0.00    0.00    0.00    0.00   14.00
02:36:46      70   86.00    0.00    1.00    0.00    0.00    0.00    0.00    0.00    0.00   13.00
02:36:46      71    0.00    0.00    0.00    0.00    0.00    0.00    0.00    0.00    0.00  100.00
02:36:46      72   86.87    0.00    0.00    0.00    0.00    0.00    0.00    0.00    0.00   13.13
02:36:46      73   85.00    0.00    1.00    0.00    0.00    0.00    0.00    0.00    0.00   14.00
02:36:46      74   86.00    0.00    1.00    0.00    0.00    0.00    0.00    0.00    0.00   13.00
02:36:46      75   86.87    0.00    0.00    0.00    0.00    0.00    0.00    0.00    0.00   13.13
02:36:46      76   86.00    0.00    0.00    0.00    0.00    0.00    0.00    0.00    0.00   14.00
02:36:46      77   86.87    0.00    0.00    0.00    0.00    0.00    0.00    0.00    0.00   13.13
02:36:46      78   86.14    0.00    0.00    0.00    0.00    0.00    0.00    0.00    0.00   13.86
02:36:46      79   85.15    0.00    0.99    0.00    0.00    0.00    0.00    0.00    0.00   13.86
02:36:46      80   86.00    0.00    0.00    0.00    0.00    0.00    0.00    0.00    0.00   14.00
02:36:46      81   86.00    0.00    1.00    0.00    0.00    0.00    0.00    0.00    0.00   13.00
02:36:46      82   85.00    0.00    1.00    0.00    0.00    0.00    0.00    0.00    0.00   14.00
02:36:46      83   85.15    0.00    0.99    0.00    0.00    0.00    0.00    0.00    0.00   13.86
02:36:46      84   86.00    0.00    1.00    0.00    0.00    0.00    0.00    0.00    0.00   13.00
02:36:46      85   86.00    0.00    0.00    0.00    0.00    0.00    0.00    0.00    0.00   14.00
02:36:46      86   85.15    0.00    0.99    0.00    0.00    0.00    0.00    0.00    0.00   13.86
02:36:46      87   16.00    0.00    0.00    0.00    0.00    0.00    0.00    0.00    0.00   84.00
02:36:46      88    0.00    0.00    0.00    0.00    0.00    0.00    0.00    0.00    0.00  100.00
02:36:46      89   86.87    0.00    0.00    0.00    0.00    0.00    0.00    0.00    0.00   13.13
02:36:46      90   86.00    0.00    0.00    0.00    0.00    0.00    0.00    0.00    0.00   14.00
02:36:46      91   85.00    0.00    1.00    0.00    0.00    0.00    0.00    0.00    0.00   14.00
02:36:46      92    0.00    0.00    0.00    0.00    0.00    0.00    0.00    0.00    0.00  100.00
02:36:46      93   85.15    0.00    0.99    0.00    0.00    0.00    0.00    0.00    0.00   13.86
02:36:46      94   85.15    0.00    0.99    0.00    0.00    0.00    0.00    0.00    0.00   13.86
02:36:46      95   86.87    0.00    0.00    0.00    0.00    0.00    0.00    0.00    0.00   13.13

02:36:46     CPU    %usr   %nice    %sys %iowait    %irq   %soft  %steal  %guest  %gnice   %idle
02:36:47     all    0.00    0.00    0.00    0.00    0.00    0.00    0.00    0.00    0.00  100.00
02:36:47       0    0.00    0.00    0.00    0.00    0.00    0.00    0.00    0.00    0.00  100.00
02:36:47       1    0.00    0.00    0.00    0.00    0.00    0.00    0.00    0.00    0.00  100.00
02:36:47       2    0.00    0.00    0.00    0.00    0.00    0.00    0.00    0.00    0.00  100.00
02:36:47       3    0.00    0.00    0.00    0.00    0.00    0.00    0.00    0.00    0.00  100.00
02:36:47       4    0.00    0.00    0.00    0.00    0.00    0.00    0.00    0.00    0.00  100.00
02:36:47       5    0.00    0.00    0.00    0.00    0.00    0.00    0.00    0.00    0.00  100.00
02:36:47       6    0.00    0.00    0.00    0.00    0.00    0.00    0.00    0.00    0.00  100.00
02:36:47       7    0.00    0.00    0.00    0.00    0.00    0.00    0.00    0.00    0.00  100.00
02:36:47       8    0.00    0.00    0.00    0.00    0.00    0.00    0.00    0.00    0.00  100.00
02:36:47       9    0.00    0.00    0.00    0.00    0.00    0.00    0.00    0.00    0.00  100.00
02:36:47      10    0.00    0.00    0.00    0.00    0.00    0.00    0.00    0.00    0.00  100.00
02:36:47      11    0.00    0.00    0.00    0.00    0.00    0.00    0.00    0.00    0.00  100.00
02:36:47      12    0.00    0.00    0.00    0.00    0.00    0.00    0.00    0.00    0.00  100.00
02:36:47      13    0.00    0.00    0.00    0.00    0.00    0.00    0.00    0.00    0.00  100.00
02:36:47      14    0.00    0.00    0.00    0.00    0.00    0.00    0.00    0.00    0.00  100.00
02:36:47      15    0.00    0.00    0.00    0.00    0.00    0.00    0.00    0.00    0.00  100.00
02:36:47      16    0.00    0.00    0.00    0.00    0.00    0.00    0.00    0.00    0.00  100.00
02:36:47      17    0.00    0.00    0.00    0.00    0.00    0.00    0.00    0.00    0.00  100.00
02:36:47      18    0.00    0.00    0.00    0.00    0.00    0.00    0.00    0.00    0.00  100.00
02:36:47      19    0.00    0.00    0.00    0.00    0.00    0.00    0.00    0.00    0.00  100.00
02:36:47      20    0.00    0.00    0.00    0.00    0.00    0.00    0.00    0.00    0.00  100.00
02:36:47      21    0.00    0.00    0.00    0.00    0.00    0.00    0.00    0.00    0.00  100.00
02:36:47      22    0.00    0.00    0.00    0.00    0.00    0.00    0.00    0.00    0.00  100.00
02:36:47      23    0.00    0.00    0.00    0.00    0.00    0.00    0.00    0.00    0.00  100.00
02:36:47      24    0.00    0.00    0.00    0.00    0.00    0.00    0.00    0.00    0.00  100.00
02:36:47      25    0.00    0.00    0.00    0.00    0.00    0.00    0.00    0.00    0.00  100.00
02:36:47      26    0.00    0.00    0.00    0.00    0.00    0.00    0.00    0.00    0.00  100.00
02:36:47      27    0.00    0.00    0.00    0.00    0.00    0.00    0.00    0.00    0.00  100.00
02:36:47      28    0.00    0.00    0.00    0.00    0.00    0.00    0.00    0.00    0.00  100.00
02:36:47      29    0.00    0.00    0.00    0.00    0.00    0.00    0.00    0.00    0.00  100.00
02:36:47      30    0.00    0.00    0.00    0.00    0.00    0.00    0.00    0.00    0.00  100.00
02:36:47      31    0.00    0.00    0.00    0.00    0.00    0.00    0.00    0.00    0.00  100.00
02:36:47      32    0.00    0.00    0.00    0.00    0.00    0.00    0.00    0.00    0.00  100.00
02:36:47      33    0.00    0.00    0.00    0.00    0.00    0.00    0.00    0.00    0.00  100.00
02:36:47      34    0.00    0.00    0.00    0.00    0.00    0.00    0.00    0.00    0.00  100.00
02:36:47      35    0.00    0.00    0.00    0.00    0.00    0.00    0.00    0.00    0.00  100.00
02:36:47      36    0.00    0.00    0.00    0.00    0.00    0.00    0.00    0.00    0.00  100.00
02:36:47      37    0.00    0.00    0.00    0.00    0.00    0.00    0.00    0.00    0.00  100.00
02:36:47      38    0.00    0.00    0.00    0.00    0.00    0.00    0.00    0.00    0.00  100.00
02:36:47      39    0.00    0.00    0.00    0.00    0.00    0.00    0.00    0.00    0.00  100.00
02:36:47      40    0.00    0.00    0.00    0.00    0.00    0.00    0.00    0.00    0.00  100.00
02:36:47      41    0.00    0.00    0.00    0.00    0.00    0.00    0.00    0.00    0.00  100.00
02:36:47      42    0.00    0.00    0.00    0.00    0.00    0.00    0.00    0.00    0.00  100.00
02:36:47      43    0.00    0.00    0.00    0.00    0.00    0.00    0.00    0.00    0.00  100.00
02:36:47      44    0.00    0.00    0.00    0.00    0.00    0.00    0.00    0.00    0.00  100.00
02:36:47      45    0.00    0.00    0.00    0.00    0.00    0.00    0.00    0.00    0.00  100.00
02:36:47      46    0.00    0.00    0.00    0.00    0.00    0.00    0.00    0.00    0.00  100.00
02:36:47      47    0.00    0.00    0.00    0.00    0.00    0.00    0.00    0.00    0.00  100.00
02:36:47      48    0.00    0.00    0.00    0.00    0.00    0.00    0.00    0.00    0.00  100.00
02:36:47      49    0.00    0.00    0.00    0.00    0.00    0.00    0.00    0.00    0.00  100.00
02:36:47      50    0.00    0.00    0.00    0.00    0.00    0.00    0.00    0.00    0.00  100.00
02:36:47      51    0.00    0.00    0.00    0.00    0.00    0.00    0.00    0.00    0.00  100.00
02:36:47      52    0.00    0.00    0.00    0.00    0.00    0.00    0.00    0.00    0.00  100.00
02:36:47      53    0.00    0.00    0.00    0.00    0.00    0.00    0.00    0.00    0.00  100.00
02:36:47      54    0.00    0.00    0.00    0.00    0.00    0.00    0.00    0.00    0.00  100.00
02:36:47      55    0.00    0.00    0.00    0.00    0.00    0.00    0.00    0.00    0.00  100.00
02:36:47      56    0.00    0.00    0.00    0.00    0.00    0.00    0.00    0.00    0.00  100.00
02:36:47      57    0.00    0.00    0.00    0.00    0.00    0.00    0.00    0.00    0.00  100.00
02:36:47      58    0.00    0.00    0.00    0.00    0.00    0.00    0.00    0.00    0.00  100.00
02:36:47      59    0.00    0.00    0.00    0.00    0.00    0.00    0.00    0.00    0.00  100.00
02:36:47      60    0.00    0.00    0.00    0.00    0.00    0.00    0.00    0.00    0.00  100.00
02:36:47      61    0.00    0.00    0.00    0.00    0.00    0.00    0.00    0.00    0.00  100.00
02:36:47      62    0.00    0.00    0.00    0.00    0.00    0.00    0.00    0.00    0.00  100.00
02:36:47      63    0.00    0.00    0.00    0.00    0.00    0.00    0.00    0.00    0.00  100.00
02:36:47      64    0.00    0.00    0.00    0.00    0.00    0.00    0.00    0.00    0.00  100.00
02:36:47      65    0.00    0.00    0.00    0.00    0.00    0.00    0.00    0.00    0.00  100.00
02:36:47      66    0.00    0.00    0.00    0.00    0.00    0.00    0.00    0.00    0.00  100.00
02:36:47      67    0.00    0.00    0.00    0.00    0.00    0.00    0.00    0.00    0.00  100.00
02:36:47      68    0.00    0.00    0.00    0.00    0.00    0.00    0.00    0.00    0.00  100.00
02:36:47      69    0.00    0.00    0.00    0.00    0.00    0.00    0.00    0.00    0.00  100.00
02:36:47      70    0.00    0.00    0.00    0.00    0.00    0.00    0.00    0.00    0.00  100.00
02:36:47      71    0.00    0.00    0.00    0.00    0.00    0.00    0.00    0.00    0.00  100.00
02:36:47      72    0.00    0.00    0.00    0.00    0.00    0.00    0.00    0.00    0.00  100.00
02:36:47      73    0.00    0.00    0.00    0.00    0.00    0.00    0.00    0.00    0.00  100.00
02:36:47      74    0.00    0.00    0.00    0.00    0.00    0.00    0.00    0.00    0.00  100.00
02:36:47      75    0.00    0.00    0.00    0.00    0.00    0.00    0.00    0.00    0.00  100.00
02:36:47      76    0.00    0.00    0.00    0.00    0.00    0.00    0.00    0.00    0.00  100.00
02:36:47      77    0.00    0.00    0.00    0.00    0.00    0.00    0.00    0.00    0.00  100.00
02:36:47      78    0.00    0.00    0.00    0.00    0.00    0.00    0.00    0.00    0.00  100.00
02:36:47      79    0.00    0.00    0.00    0.00    0.00    0.00    0.00    0.00    0.00  100.00
02:36:47      80    0.00    0.00    0.00    0.00    0.00    0.00    0.00    0.00    0.00  100.00
02:36:47      81    0.00    0.00    0.00    0.00    0.00    0.00    0.00    0.00    0.00  100.00
02:36:47      82    0.00    0.00    0.00    0.00    0.00    0.00    0.00    0.00    0.00  100.00
02:36:47      83    0.00    0.00    0.00    0.00    0.00    0.00    0.00    0.00    0.00  100.00
02:36:47      84    0.00    0.00    0.00    0.00    0.00    0.00    0.00    0.00    0.00  100.00
02:36:47      85    0.00    0.00    0.00    0.00    0.00    0.00    0.00    0.00    0.00  100.00
02:36:47      86    0.00    0.00    0.00    0.00    0.00    0.00    0.00    0.00    0.00  100.00
02:36:47      87    0.00    0.00    0.00    0.00    0.00    0.00    0.00    0.00    0.00  100.00
02:36:47      88    0.00    0.00    0.00    0.00    0.00    0.00    0.00    0.00    0.00  100.00
02:36:47      89    0.00    0.00    0.00    0.00    0.00    0.00    0.00    0.00    0.00  100.00
02:36:47      90    0.00    0.00    0.00    0.00    0.00    0.00    0.00    0.00    0.00  100.00
02:36:47      91    0.00    0.00    0.00    0.00    0.00    0.00    0.00    0.00    0.00  100.00
02:36:47      92    0.00    0.00    0.00    0.00    0.00    0.00    0.00    0.00    0.00  100.00
02:36:47      93    0.00    0.00    0.00    0.00    0.00    0.00    0.00    0.00    0.00  100.00
02:36:47      94    0.00    0.00    0.00    0.00    0.00    0.00    0.00    0.00    0.00  100.00
02:36:47      95    0.00    0.00    0.00    0.00    0.00    0.00    0.00    0.00    0.00  100.00

02:36:47     CPU    %usr   %nice    %sys %iowait    %irq   %soft  %steal  %guest  %gnice   %idle
02:36:48     all    0.00    0.00    0.00    0.00    0.00    0.00    0.00    0.00    0.00  100.00
02:36:48       0    0.00    0.00    0.00    0.00    0.00    0.00    0.00    0.00    0.00  100.00
02:36:48       1    0.00    0.00    0.00    0.00    0.00    0.00    0.00    0.00    0.00  100.00
02:36:48       2    0.00    0.00    0.00    0.00    0.00    0.00    0.00    0.00    0.00  100.00
02:36:48       3    0.00    0.00    0.00    0.00    0.00    0.00    0.00    0.00    0.00  100.00
02:36:48       4    0.00    0.00    0.00    0.00    0.00    0.00    0.00    0.00    0.00  100.00
02:36:48       5    0.00    0.00    0.00    0.00    0.00    0.00    0.00    0.00    0.00  100.00
02:36:48       6    0.00    0.00    0.00    0.00    0.00    0.00    0.00    0.00    0.00  100.00
02:36:48       7    0.00    0.00    0.00    0.00    0.00    0.00    0.00    0.00    0.00  100.00
02:36:48       8    0.00    0.00    0.00    0.00    0.00    0.00    0.00    0.00    0.00  100.00
02:36:48       9    0.00    0.00    0.00    0.00    0.00    0.00    0.00    0.00    0.00  100.00
02:36:48      10    0.00    0.00    0.00    0.00    0.00    0.00    0.00    0.00    0.00  100.00
02:36:48      11    0.00    0.00    0.00    0.00    0.00    0.00    0.00    0.00    0.00  100.00
02:36:48      12    0.00    0.00    0.00    0.00    0.00    0.00    0.00    0.00    0.00  100.00
02:36:48      13    0.00    0.00    0.00    0.00    0.00    0.00    0.00    0.00    0.00  100.00
02:36:48      14    0.00    0.00    0.00    0.00    0.00    0.00    0.00    0.00    0.00  100.00
02:36:48      15    0.00    0.00    0.00    0.00    0.00    0.00    0.00    0.00    0.00  100.00
02:36:48      16    0.00    0.00    0.00    0.00    0.00    0.00    0.00    0.00    0.00  100.00
02:36:48      17    0.00    0.00    0.00    0.00    0.00    0.00    0.00    0.00    0.00  100.00
02:36:48      18    0.00    0.00    0.00    0.00    0.00    0.00    0.00    0.00    0.00  100.00
02:36:48      19    0.00    0.00    0.00    0.00    0.00    0.00    0.00    0.00    0.00  100.00
02:36:48      20    0.00    0.00    0.00    0.00    0.00    0.00    0.00    0.00    0.00  100.00
02:36:48      21    0.00    0.00    0.00    0.00    0.00    0.00    0.00    0.00    0.00  100.00
02:36:48      22    0.00    0.00    0.00    0.00    0.00    0.00    0.00    0.00    0.00  100.00
02:36:48      23    0.00    0.00    0.00    0.00    0.00    0.00    0.00    0.00    0.00  100.00
02:36:48      24    0.00    0.00    0.00    0.00    0.00    0.00    0.00    0.00    0.00  100.00
02:36:48      25    0.00    0.00    0.00    0.00    0.00    0.00    0.00    0.00    0.00  100.00
02:36:48      26    0.00    0.00    0.00    0.00    0.00    0.00    0.00    0.00    0.00  100.00
02:36:48      27    0.00    0.00    0.00    0.00    0.00    0.00    0.00    0.00    0.00  100.00
02:36:48      28    0.00    0.00    0.00    0.00    0.00    0.00    0.00    0.00    0.00  100.00
02:36:48      29    0.00    0.00    0.00    0.00    0.00    0.00    0.00    0.00    0.00  100.00
02:36:48      30    0.00    0.00    0.00    0.00    0.00    0.00    0.00    0.00    0.00  100.00
02:36:48      31    0.00    0.00    0.00    0.00    0.00    0.00    0.00    0.00    0.00  100.00
02:36:48      32    0.00    0.00    0.00    0.00    0.00    0.00    0.00    0.00    0.00  100.00
02:36:48      33    0.00    0.00    0.00    0.00    0.00    0.00    0.00    0.00    0.00  100.00
02:36:48      34    0.00    0.00    0.00    0.00    0.00    0.00    0.00    0.00    0.00  100.00
02:36:48      35    0.00    0.00    0.00    0.00    0.00    0.00    0.00    0.00    0.00  100.00
02:36:48      36    0.00    0.00    0.00    0.00    0.00    0.00    0.00    0.00    0.00  100.00
02:36:48      37    0.00    0.00    0.00    0.00    0.00    0.00    0.00    0.00    0.00  100.00
02:36:48      38    0.00    0.00    0.00    0.00    0.00    0.00    0.00    0.00    0.00  100.00
02:36:48      39    0.00    0.00    0.00    0.00    0.00    0.00    0.00    0.00    0.00  100.00
02:36:48      40    0.00    0.00    0.00    0.00    0.00    0.00    0.00    0.00    0.00  100.00
02:36:48      41    0.00    0.00    0.00    0.00    0.00    0.00    0.00    0.00    0.00  100.00
02:36:48      42    0.00    0.00    0.00    0.00    0.00    0.00    0.00    0.00    0.00  100.00
02:36:48      43    0.00    0.00    0.00    0.00    0.00    0.00    0.00    0.00    0.00  100.00
02:36:48      44    0.00    0.00    0.00    0.00    0.00    0.00    0.00    0.00    0.00  100.00
02:36:48      45    0.00    0.00    0.00    0.00    0.00    0.00    0.00    0.00    0.00  100.00
02:36:48      46    0.00    0.00    0.00    0.00    0.00    0.00    0.00    0.00    0.00  100.00
02:36:48      47    0.00    0.00    0.00    0.00    0.00    0.00    0.00    0.00    0.00  100.00
02:36:48      48    0.00    0.00    0.00    0.00    0.00    0.00    0.00    0.00    0.00  100.00
02:36:48      49    0.00    0.00    0.00    0.00    0.00    0.00    0.00    0.00    0.00  100.00
02:36:48      50    0.00    0.00    0.00    0.00    0.00    0.00    0.00    0.00    0.00  100.00
02:36:48      51    0.00    0.00    0.00    0.00    0.00    0.00    0.00    0.00    0.00  100.00
02:36:48      52    0.00    0.00    0.00    0.00    0.00    0.00    0.00    0.00    0.00  100.00
02:36:48      53    0.00    0.00    0.00    0.00    0.00    0.00    0.00    0.00    0.00  100.00
02:36:48      54    0.00    0.00    0.00    0.00    0.00    0.00    0.00    0.00    0.00  100.00
02:36:48      55    0.00    0.00    0.00    0.00    0.00    0.00    0.00    0.00    0.00  100.00
02:36:48      56    0.00    0.00    0.00    0.00    0.00    0.00    0.00    0.00    0.00  100.00
02:36:48      57    0.00    0.00    0.00    0.00    0.00    0.00    0.00    0.00    0.00  100.00
02:36:48      58    0.00    0.00    0.00    0.00    0.00    0.00    0.00    0.00    0.00  100.00
02:36:48      59    0.00    0.00    0.00    0.00    0.00    0.00    0.00    0.00    0.00  100.00
02:36:48      60    0.00    0.00    0.00    0.00    0.00    0.00    0.00    0.00    0.00  100.00
02:36:48      61    0.00    0.00    0.00    0.00    0.00    0.00    0.00    0.00    0.00  100.00
02:36:48      62    0.00    0.00    0.00    0.00    0.00    0.00    0.00    0.00    0.00  100.00
02:36:48      63    0.00    0.00    0.00    0.00    0.00    0.00    0.00    0.00    0.00  100.00
02:36:48      64    0.00    0.00    0.00    0.00    0.00    0.00    0.00    0.00    0.00  100.00
02:36:48      65    0.00    0.00    0.00    0.00    0.00    0.00    0.00    0.00    0.00  100.00
02:36:48      66    0.00    0.00    0.00    0.00    0.00    0.00    0.00    0.00    0.00  100.00
02:36:48      67    0.00    0.00    0.00    0.00    0.00    0.00    0.00    0.00    0.00  100.00
02:36:48      68    0.00    0.00    0.00    0.00    0.00    0.00    0.00    0.00    0.00  100.00
02:36:48      69    0.00    0.00    0.00    0.00    0.00    0.00    0.00    0.00    0.00  100.00
02:36:48      70    0.00    0.00    0.00    0.00    0.00    0.00    0.00    0.00    0.00  100.00
02:36:48      71    0.00    0.00    0.00    0.00    0.00    0.00    0.00    0.00    0.00  100.00
02:36:48      72    0.00    0.00    0.00    0.00    0.00    0.00    0.00    0.00    0.00  100.00
02:36:48      73    0.00    0.00    0.00    0.00    0.00    0.00    0.00    0.00    0.00  100.00
02:36:48      74    0.00    0.00    0.00    0.00    0.00    0.00    0.00    0.00    0.00  100.00
02:36:48      75    0.00    0.00    0.00    0.00    0.00    0.00    0.00    0.00    0.00  100.00
02:36:48      76    0.00    0.00    0.00    0.00    0.00    0.00    0.00    0.00    0.00  100.00
02:36:48      77    0.00    0.00    0.00    0.00    0.00    0.00    0.00    0.00    0.00  100.00
02:36:48      78    0.00    0.00    0.00    0.00    0.00    0.00    0.00    0.00    0.00  100.00
02:36:48      79    0.00    0.00    0.00    0.00    0.00    0.00    0.00    0.00    0.00  100.00
02:36:48      80    0.00    0.00    0.00    0.00    0.00    0.00    0.00    0.00    0.00  100.00
02:36:48      81    0.00    0.00    0.00    0.00    0.00    0.00    0.00    0.00    0.00  100.00
02:36:48      82    0.00    0.00    0.00    0.00    0.00    0.00    0.00    0.00    0.00  100.00
02:36:48      83    0.00    0.00    0.00    0.00    0.00    0.00    0.00    0.00    0.00  100.00
02:36:48      84    0.00    0.00    0.00    0.00    0.00    0.00    0.00    0.00    0.00  100.00
02:36:48      85    0.00    0.00    0.00    0.00    0.00    0.00    0.00    0.00    0.00  100.00
02:36:48      86    0.00    0.00    0.00    0.00    0.00    0.00    0.00    0.00    0.00  100.00
02:36:48      87    0.00    0.00    0.00    0.00    0.00    0.00    0.00    0.00    0.00  100.00
02:36:48      88    0.00    0.00    0.00    0.00    0.00    0.00    0.00    0.00    0.00  100.00
02:36:48      89    0.00    0.00    0.00    0.00    0.00    0.00    0.00    0.00    0.00  100.00
02:36:48      90    0.00    0.00    0.00    0.00    0.00    0.00    0.00    0.00    0.00  100.00
02:36:48      91    0.00    0.00    0.00    0.00    0.00    0.00    0.00    0.00    0.00  100.00
02:36:48      92    0.00    0.00    0.00    0.00    0.00    0.00    0.00    0.00    0.00  100.00
02:36:48      93    0.00    0.00    0.00    0.00    0.00    0.00    0.00    0.00    0.00  100.00
02:36:48      94    0.00    0.00    0.00    0.00    0.00    0.00    0.00    0.00    0.00  100.00
02:36:48      95    0.00    0.00    0.00    0.00    0.00    0.00    0.00    0.00    0.00  100.00

02:36:48     CPU    %usr   %nice    %sys %iowait    %irq   %soft  %steal  %guest  %gnice   %idle
02:36:49     all    0.00    0.00    0.00    0.00    0.00    0.00    0.00    0.00    0.00  100.00
02:36:49       0    0.00    0.00    0.00    0.00    0.00    0.00    0.00    0.00    0.00  100.00
02:36:49       1    0.00    0.00    0.00    0.00    0.00    0.00    0.00    0.00    0.00  100.00
02:36:49       2    0.00    0.00    0.00    0.00    0.00    0.00    0.00    0.00    0.00  100.00
02:36:49       3    0.00    0.00    0.00    0.00    0.00    0.00    0.00    0.00    0.00  100.00
02:36:49       4    0.00    0.00    0.00    0.00    0.00    0.00    0.00    0.00    0.00  100.00
02:36:49       5    0.00    0.00    0.00    0.00    0.00    0.00    0.00    0.00    0.00  100.00
02:36:49       6    0.00    0.00    0.00    0.00    0.00    0.00    0.00    0.00    0.00  100.00
02:36:49       7    0.00    0.00    0.00    0.00    0.00    0.00    0.00    0.00    0.00  100.00
02:36:49       8    0.00    0.00    0.00    0.00    0.00    0.00    0.00    0.00    0.00  100.00
02:36:49       9    0.00    0.00    0.00    0.00    0.00    0.00    0.00    0.00    0.00  100.00
02:36:49      10    0.00    0.00    0.00    0.00    0.00    0.00    0.00    0.00    0.00  100.00
02:36:49      11    0.00    0.00    0.00    0.00    0.00    0.00    0.00    0.00    0.00  100.00
02:36:49      12    0.00    0.00    0.00    0.00    0.00    0.00    0.00    0.00    0.00  100.00
02:36:49      13    0.00    0.00    0.00    0.00    0.00    0.00    0.00    0.00    0.00  100.00
02:36:49      14    0.00    0.00    0.00    0.00    0.00    0.00    0.00    0.00    0.00  100.00
02:36:49      15    0.00    0.00    0.00    0.00    0.00    0.00    0.00    0.00    0.00  100.00
02:36:49      16    0.00    0.00    0.00    0.00    0.00    0.00    0.00    0.00    0.00  100.00
02:36:49      17    0.00    0.00    0.00    0.00    0.00    0.00    0.00    0.00    0.00  100.00
02:36:49      18    0.00    0.00    0.00    0.00    0.00    0.00    0.00    0.00    0.00  100.00
02:36:49      19    0.00    0.00    0.00    0.00    0.00    0.00    0.00    0.00    0.00  100.00
02:36:49      20    0.00    0.00    0.00    0.00    0.00    0.00    0.00    0.00    0.00  100.00
02:36:49      21    0.00    0.00    0.00    0.00    0.00    0.00    0.00    0.00    0.00  100.00
02:36:49      22    0.00    0.00    0.00    0.00    0.00    0.00    0.00    0.00    0.00  100.00
02:36:49      23    0.00    0.00    0.00    0.00    0.00    0.00    0.00    0.00    0.00  100.00
02:36:49      24    0.00    0.00    0.00    0.00    0.00    0.00    0.00    0.00    0.00  100.00
02:36:49      25    0.00    0.00    0.00    0.00    0.00    0.00    0.00    0.00    0.00  100.00
02:36:49      26    0.00    0.00    0.00    0.00    0.00    0.00    0.00    0.00    0.00  100.00
02:36:49      27    0.00    0.00    0.00    0.00    0.00    0.00    0.00    0.00    0.00  100.00
02:36:49      28    0.00    0.00    0.00    0.00    0.00    0.00    0.00    0.00    0.00  100.00
02:36:49      29    0.00    0.00    0.00    0.00    0.00    0.00    0.00    0.00    0.00  100.00
02:36:49      30    0.00    0.00    0.00    0.00    0.00    0.00    0.00    0.00    0.00  100.00
02:36:49      31    0.00    0.00    0.00    0.00    0.00    0.00    0.00    0.00    0.00  100.00
02:36:49      32    0.00    0.00    0.00    0.00    0.00    0.00    0.00    0.00    0.00  100.00
02:36:49      33    0.00    0.00    0.00    0.00    0.00    0.00    0.00    0.00    0.00  100.00
02:36:49      34    0.00    0.00    0.00    0.00    0.00    0.00    0.00    0.00    0.00  100.00
02:36:49      35    0.00    0.00    0.00    0.00    0.00    0.00    0.00    0.00    0.00  100.00
02:36:49      36    0.00    0.00    0.00    0.00    0.00    0.00    0.00    0.00    0.00  100.00
02:36:49      37    0.00    0.00    0.00    0.00    0.00    0.00    0.00    0.00    0.00  100.00
02:36:49      38    0.00    0.00    0.00    0.00    0.00    0.00    0.00    0.00    0.00  100.00
02:36:49      39    0.00    0.00    0.00    0.00    0.00    0.00    0.00    0.00    0.00  100.00
02:36:49      40    0.00    0.00    0.00    0.00    0.00    0.00    0.00    0.00    0.00  100.00
02:36:49      41    0.00    0.00    0.00    0.00    0.00    0.00    0.00    0.00    0.00  100.00
02:36:49      42    0.00    0.00    0.00    0.00    0.00    0.00    0.00    0.00    0.00  100.00
02:36:49      43    0.00    0.00    0.00    0.00    0.00    0.00    0.00    0.00    0.00  100.00
02:36:49      44    0.00    0.00    0.00    0.00    0.00    0.00    0.00    0.00    0.00  100.00
02:36:49      45    0.00    0.00    0.00    0.00    0.00    0.00    0.00    0.00    0.00  100.00
02:36:49      46    0.00    0.00    0.00    0.00    0.00    0.00    0.00    0.00    0.00  100.00
02:36:49      47    0.00    0.00    0.00    0.00    0.00    0.00    0.00    0.00    0.00  100.00
02:36:49      48    0.00    0.00    0.00    0.00    0.00    0.00    0.00    0.00    0.00  100.00
02:36:49      49    0.00    0.00    0.00    0.00    0.00    0.00    0.00    0.00    0.00  100.00
02:36:49      50    0.00    0.00    0.00    0.00    0.00    0.00    0.00    0.00    0.00  100.00
02:36:49      51    0.00    0.00    0.00    0.00    0.00    0.00    0.00    0.00    0.00  100.00
02:36:49      52    0.00    0.00    0.00    0.00    0.00    0.00    0.00    0.00    0.00  100.00
02:36:49      53    0.00    0.00    0.00    0.00    0.00    0.00    0.00    0.00    0.00  100.00
02:36:49      54    0.00    0.00    0.00    0.00    0.00    0.00    0.00    0.00    0.00  100.00
02:36:49      55    0.00    0.00    0.00    0.00    0.00    0.00    0.00    0.00    0.00  100.00
02:36:49      56    0.00    0.00    0.00    0.00    0.00    0.00    0.00    0.00    0.00  100.00
02:36:49      57    0.00    0.00    0.00    0.00    0.00    0.00    0.00    0.00    0.00  100.00
02:36:49      58    0.00    0.00    0.00    0.00    0.00    0.00    0.00    0.00    0.00  100.00
02:36:49      59    0.00    0.00    0.00    0.00    0.00    0.00    0.00    0.00    0.00  100.00
02:36:49      60    0.00    0.00    0.00    0.00    0.00    0.00    0.00    0.00    0.00  100.00
02:36:49      61    0.00    0.00    0.00    0.00    0.00    0.00    0.00    0.00    0.00  100.00
02:36:49      62    0.00    0.00    0.00    0.00    0.00    0.00    0.00    0.00    0.00  100.00
02:36:49      63    0.00    0.00    0.00    0.00    0.00    0.00    0.00    0.00    0.00  100.00
02:36:49      64    0.00    0.00    0.00    0.00    0.00    0.00    0.00    0.00    0.00  100.00
02:36:49      65    0.00    0.00    0.00    0.00    0.00    0.00    0.00    0.00    0.00  100.00
02:36:49      66    0.00    0.00    0.00    0.00    0.00    0.00    0.00    0.00    0.00  100.00
02:36:49      67    0.00    0.00    0.00    0.00    0.00    0.00    0.00    0.00    0.00  100.00
02:36:49      68    0.00    0.00    0.00    0.00    0.00    0.00    0.00    0.00    0.00  100.00
02:36:49      69    0.00    0.00    0.00    0.00    0.00    0.00    0.00    0.00    0.00  100.00
02:36:49      70    0.00    0.00    0.00    0.00    0.00    0.00    0.00    0.00    0.00  100.00
02:36:49      71    0.00    0.00    0.00    0.00    0.00    0.00    0.00    0.00    0.00  100.00
02:36:49      72    0.00    0.00    0.00    0.00    0.00    0.00    0.00    0.00    0.00  100.00
02:36:49      73    0.00    0.00    0.00    0.00    0.00    0.00    0.00    0.00    0.00  100.00
02:36:49      74    0.00    0.00    0.00    0.00    0.00    0.00    0.00    0.00    0.00  100.00
02:36:49      75    0.00    0.00    0.00    0.00    0.00    0.00    0.00    0.00    0.00  100.00
02:36:49      76    0.00    0.00    0.00    0.00    0.00    0.00    0.00    0.00    0.00  100.00
02:36:49      77    0.00    0.00    0.00    0.00    0.00    0.00    0.00    0.00    0.00  100.00
02:36:49      78    0.00    0.00    0.00    0.00    0.00    0.00    0.00    0.00    0.00  100.00
02:36:49      79    0.00    0.00    0.00    0.00    0.00    0.00    0.00    0.00    0.00  100.00
02:36:49      80    0.00    0.00    0.00    0.00    0.00    0.00    0.00    0.00    0.00  100.00
02:36:49      81    0.00    0.00    0.00    0.00    0.00    0.00    0.00    0.00    0.00  100.00
02:36:49      82    0.00    0.00    0.00    0.00    0.00    0.00    0.00    0.00    0.00  100.00
02:36:49      83    0.00    0.00    0.00    0.00    0.00    0.00    0.00    0.00    0.00  100.00
02:36:49      84    0.00    0.00    0.00    0.00    0.00    0.00    0.00    0.00    0.00  100.00
02:36:49      85    0.00    0.00    0.00    0.00    0.00    0.00    0.00    0.00    0.00  100.00
02:36:49      86    0.00    0.00    0.00    0.00    0.00    0.00    0.00    0.00    0.00  100.00
02:36:49      87    0.00    0.00    0.00    0.00    0.00    0.00    0.00    0.00    0.00  100.00
02:36:49      88    0.00    0.00    0.00    0.00    0.00    0.00    0.00    0.00    0.00  100.00
02:36:49      89    0.00    0.00    0.00    0.00    0.00    0.00    0.00    0.00    0.00  100.00
02:36:49      90    0.00    0.00    0.00    0.00    0.00    0.00    0.00    0.00    0.00  100.00
02:36:49      91    0.00    0.00    0.00    0.00    0.00    0.00    0.00    0.00    0.00  100.00
02:36:49      92    0.00    0.00    0.00    0.00    0.00    0.00    0.00    0.00    0.00  100.00
02:36:49      93    0.00    0.00    0.00    0.00    0.00    0.00    0.00    0.00    0.00  100.00
02:36:49      94    0.00    0.00    0.00    0.00    0.00    0.00    0.00    0.00    0.00  100.00
02:36:49      95    0.00    0.00    0.00    0.00    0.00    0.00    0.00    0.00    0.00  100.00

02:36:49     CPU    %usr   %nice    %sys %iowait    %irq   %soft  %steal  %guest  %gnice   %idle
02:36:50     all    0.00    0.00    0.00    0.00    0.00    0.00    0.00    0.00    0.00  100.00
02:36:50       0    0.00    0.00    0.00    0.00    0.00    0.00    0.00    0.00    0.00  100.00
02:36:50       1    0.00    0.00    0.00    0.00    0.00    0.00    0.00    0.00    0.00  100.00
02:36:50       2    0.00    0.00    0.00    0.00    0.00    0.00    0.00    0.00    0.00  100.00
02:36:50       3    0.00    0.00    0.00    0.00    0.00    0.00    0.00    0.00    0.00  100.00
02:36:50       4    0.00    0.00    0.00    0.00    0.00    0.00    0.00    0.00    0.00  100.00
02:36:50       5    0.00    0.00    0.00    0.00    0.00    0.00    0.00    0.00    0.00  100.00
02:36:50       6    0.00    0.00    0.00    0.00    0.00    0.00    0.00    0.00    0.00  100.00
02:36:50       7    0.00    0.00    0.00    0.00    0.00    0.00    0.00    0.00    0.00  100.00
02:36:50       8    0.00    0.00    0.00    0.00    0.00    0.00    0.00    0.00    0.00  100.00
02:36:50       9    0.00    0.00    0.00    0.00    0.00    0.00    0.00    0.00    0.00  100.00
02:36:50      10    0.00    0.00    0.00    0.00    0.00    0.00    0.00    0.00    0.00  100.00
02:36:50      11    0.00    0.00    0.00    0.00    0.00    0.00    0.00    0.00    0.00  100.00
02:36:50      12    0.00    0.00    0.00    0.00    0.00    0.00    0.00    0.00    0.00  100.00
02:36:50      13    0.00    0.00    0.00    0.00    0.00    0.00    0.00    0.00    0.00  100.00
02:36:50      14    0.00    0.00    0.00    0.00    0.00    0.00    0.00    0.00    0.00  100.00
02:36:50      15    0.00    0.00    0.00    0.00    0.00    0.00    0.00    0.00    0.00  100.00
02:36:50      16    0.00    0.00    0.00    0.00    0.00    0.00    0.00    0.00    0.00  100.00
02:36:50      17    0.00    0.00    0.00    0.00    0.00    0.00    0.00    0.00    0.00  100.00
02:36:50      18    0.00    0.00    0.00    0.00    0.00    0.00    0.00    0.00    0.00  100.00
02:36:50      19    0.00    0.00    0.00    0.00    0.00    0.00    0.00    0.00    0.00  100.00
02:36:50      20    0.00    0.00    0.00    0.00    0.00    0.00    0.00    0.00    0.00  100.00
02:36:50      21    0.00    0.00    0.00    0.00    0.00    0.00    0.00    0.00    0.00  100.00
02:36:50      22    0.00    0.00    0.00    0.00    0.00    0.00    0.00    0.00    0.00  100.00
02:36:50      23    0.00    0.00    0.00    0.00    0.00    0.00    0.00    0.00    0.00  100.00
02:36:50      24    0.00    0.00    0.00    0.00    0.00    0.00    0.00    0.00    0.00  100.00
02:36:50      25    0.00    0.00    0.00    0.00    0.00    0.00    0.00    0.00    0.00  100.00
02:36:50      26    0.00    0.00    0.00    0.00    0.00    0.00    0.00    0.00    0.00  100.00
02:36:50      27    0.00    0.00    0.00    0.00    0.00    0.00    0.00    0.00    0.00  100.00
02:36:50      28    0.00    0.00    0.00    0.00    0.00    0.00    0.00    0.00    0.00  100.00
02:36:50      29    0.00    0.00    0.00    0.00    0.00    0.00    0.00    0.00    0.00  100.00
02:36:50      30    0.00    0.00    0.00    0.00    0.00    0.00    0.00    0.00    0.00  100.00
02:36:50      31    0.00    0.00    0.00    0.00    0.00    0.00    0.00    0.00    0.00  100.00
02:36:50      32    0.00    0.00    0.00    0.00    0.00    0.00    0.00    0.00    0.00  100.00
02:36:50      33    0.00    0.00    0.00    0.00    0.00    0.00    0.00    0.00    0.00  100.00
02:36:50      34    0.00    0.00    0.00    0.00    0.00    0.00    0.00    0.00    0.00  100.00
02:36:50      35    0.00    0.00    0.00    0.00    0.00    0.00    0.00    0.00    0.00  100.00
02:36:50      36    0.00    0.00    0.00    0.00    0.00    0.00    0.00    0.00    0.00  100.00
02:36:50      37    0.00    0.00    0.00    0.00    0.00    0.00    0.00    0.00    0.00  100.00
02:36:50      38    0.00    0.00    0.00    0.00    0.00    0.00    0.00    0.00    0.00  100.00
02:36:50      39    0.00    0.00    0.00    0.00    0.00    0.00    0.00    0.00    0.00  100.00
02:36:50      40    0.00    0.00    0.00    0.00    0.00    0.00    0.00    0.00    0.00  100.00
02:36:50      41    0.00    0.00    0.00    0.00    0.00    0.00    0.00    0.00    0.00  100.00
02:36:50      42    0.00    0.00    0.00    0.00    0.00    0.00    0.00    0.00    0.00  100.00
02:36:50      43    0.00    0.00    0.00    0.00    0.00    0.00    0.00    0.00    0.00  100.00
02:36:50      44    0.00    0.00    0.00    0.00    0.00    0.00    0.00    0.00    0.00  100.00
02:36:50      45    0.00    0.00    0.00    0.00    0.00    0.00    0.00    0.00    0.00  100.00
02:36:50      46    0.00    0.00    0.00    0.00    0.00    0.00    0.00    0.00    0.00  100.00
02:36:50      47    0.00    0.00    0.00    0.00    0.00    0.00    0.00    0.00    0.00  100.00
02:36:50      48    0.00    0.00    0.00    0.00    0.00    0.00    0.00    0.00    0.00  100.00
02:36:50      49    0.00    0.00    0.00    0.00    0.00    0.00    0.00    0.00    0.00  100.00
02:36:50      50    0.00    0.00    0.00    0.00    0.00    0.00    0.00    0.00    0.00  100.00
02:36:50      51    0.00    0.00    0.00    0.00    0.00    0.00    0.00    0.00    0.00  100.00
02:36:50      52    0.00    0.00    0.00    0.00    0.00    0.00    0.00    0.00    0.00  100.00
02:36:50      53    0.00    0.00    0.00    0.00    0.00    0.00    0.00    0.00    0.00  100.00
02:36:50      54    0.00    0.00    0.00    0.00    0.00    0.00    0.00    0.00    0.00  100.00
02:36:50      55    0.00    0.00    0.00    0.00    0.00    0.00    0.00    0.00    0.00  100.00
02:36:50      56    0.00    0.00    0.00    0.00    0.00    0.00    0.00    0.00    0.00  100.00
02:36:50      57    0.00    0.00    0.00    0.00    0.00    0.00    0.00    0.00    0.00  100.00
02:36:50      58    0.00    0.00    0.00    0.00    0.00    0.00    0.00    0.00    0.00  100.00
02:36:50      59    0.00    0.00    0.00    0.00    0.00    0.00    0.00    0.00    0.00  100.00
02:36:50      60    0.00    0.00    0.00    0.00    0.00    0.00    0.00    0.00    0.00  100.00
02:36:50      61    0.00    0.00    0.00    0.00    0.00    0.00    0.00    0.00    0.00  100.00
02:36:50      62    0.00    0.00    0.00    0.00    0.00    0.00    0.00    0.00    0.00  100.00
02:36:50      63    0.00    0.00    0.00    0.00    0.00    0.00    0.00    0.00    0.00  100.00
02:36:50      64    0.00    0.00    0.00    0.00    0.00    0.00    0.00    0.00    0.00  100.00
02:36:50      65    0.00    0.00    0.00    0.00    0.00    0.00    0.00    0.00    0.00  100.00
02:36:50      66    0.00    0.00    0.00    0.00    0.00    0.00    0.00    0.00    0.00  100.00
02:36:50      67    0.00    0.00    0.00    0.00    0.00    0.00    0.00    0.00    0.00  100.00
02:36:50      68    0.00    0.00    0.00    0.00    0.00    0.00    0.00    0.00    0.00  100.00
02:36:50      69    0.00    0.00    0.00    0.00    0.00    0.00    0.00    0.00    0.00  100.00
02:36:50      70    0.00    0.00    0.00    0.00    0.00    0.00    0.00    0.00    0.00  100.00
02:36:50      71    0.00    0.00    0.00    0.00    0.00    0.00    0.00    0.00    0.00  100.00
02:36:50      72    0.00    0.00    0.00    0.00    0.00    0.00    0.00    0.00    0.00  100.00
02:36:50      73    0.00    0.00    0.00    0.00    0.00    0.00    0.00    0.00    0.00  100.00
02:36:50      74    0.00    0.00    0.00    0.00    0.00    0.00    0.00    0.00    0.00  100.00
02:36:50      75    0.00    0.00    0.00    0.00    0.00    0.00    0.00    0.00    0.00  100.00
02:36:50      76    0.00    0.00    0.00    0.00    0.00    0.00    0.00    0.00    0.00  100.00
02:36:50      77    0.00    0.00    0.00    0.00    0.00    0.00    0.00    0.00    0.00  100.00
02:36:50      78    0.00    0.00    0.00    0.00    0.00    0.00    0.00    0.00    0.00  100.00
02:36:50      79    0.00    0.00    0.00    0.00    0.00    0.00    0.00    0.00    0.00  100.00
02:36:50      80    0.00    0.00    0.00    0.00    0.00    0.00    0.00    0.00    0.00  100.00
02:36:50      81    0.00    0.00    0.00    0.00    0.00    0.00    0.00    0.00    0.00  100.00
02:36:50      82    0.00    0.00    0.00    0.00    0.00    0.00    0.00    0.00    0.00  100.00
02:36:50      83    0.00    0.00    0.00    0.00    0.00    0.00    0.00    0.00    0.00  100.00
02:36:50      84    0.00    0.00    0.00    0.00    0.00    0.00    0.00    0.00    0.00  100.00
02:36:50      85    0.00    0.00    0.00    0.00    0.00    0.00    0.00    0.00    0.00  100.00
02:36:50      86    0.00    0.00    0.00    0.00    0.00    0.00    0.00    0.00    0.00  100.00
02:36:50      87    0.00    0.00    0.00    0.00    0.00    0.00    0.00    0.00    0.00  100.00
02:36:50      88    0.00    0.00    0.00    0.00    0.00    0.00    0.00    0.00    0.00  100.00
02:36:50      89    0.00    0.00    0.00    0.00    0.00    0.00    0.00    0.00    0.00  100.00
02:36:50      90    0.00    0.00    0.00    0.00    0.00    0.00    0.00    0.00    0.00  100.00
02:36:50      91    0.00    0.00    0.00    0.00    0.00    0.00    0.00    0.00    0.00  100.00
02:36:50      92    0.00    0.00    0.00    0.00    0.00    0.00    0.00    0.00    0.00  100.00
02:36:50      93    0.00    0.00    0.00    0.00    0.00    0.00    0.00    0.00    0.00  100.00
02:36:50      94    0.00    0.00    0.00    0.00    0.00    0.00    0.00    0.00    0.00  100.00
02:36:50      95    0.00    0.00    0.00    0.00    0.00    0.00    0.00    0.00    0.00  100.00

02:36:50     CPU    %usr   %nice    %sys %iowait    %irq   %soft  %steal  %guest  %gnice   %idle
02:36:51     all    0.00    0.00    0.00    0.00    0.00    0.00    0.00    0.00    0.00  100.00
02:36:51       0    0.00    0.00    0.00    0.00    0.00    0.00    0.00    0.00    0.00  100.00
02:36:51       1    0.00    0.00    0.00    0.00    0.00    0.00    0.00    0.00    0.00  100.00
02:36:51       2    0.00    0.00    0.00    0.00    0.00    0.00    0.00    0.00    0.00  100.00
02:36:51       3    0.00    0.00    0.00    0.00    0.00    0.00    0.00    0.00    0.00  100.00
02:36:51       4    0.00    0.00    0.00    0.00    0.00    0.00    0.00    0.00    0.00  100.00
02:36:51       5    0.00    0.00    0.00    0.00    0.00    0.00    0.00    0.00    0.00  100.00
02:36:51       6    0.00    0.00    0.00    0.00    0.00    0.00    0.00    0.00    0.00  100.00
02:36:51       7    0.00    0.00    0.00    0.00    0.00    0.00    0.00    0.00    0.00  100.00
02:36:51       8    0.00    0.00    0.00    0.00    0.00    0.00    0.00    0.00    0.00  100.00
02:36:51       9    0.00    0.00    0.00    0.00    0.00    0.00    0.00    0.00    0.00  100.00
02:36:51      10    0.00    0.00    0.00    0.00    0.00    0.00    0.00    0.00    0.00  100.00
02:36:51      11    0.00    0.00    0.00    0.00    0.00    0.00    0.00    0.00    0.00  100.00
02:36:51      12    0.00    0.00    0.00    0.00    0.00    0.00    0.00    0.00    0.00  100.00
02:36:51      13    0.00    0.00    0.00    0.00    0.00    0.00    0.00    0.00    0.00  100.00
02:36:51      14    0.00    0.00    0.00    0.00    0.00    0.00    0.00    0.00    0.00  100.00
02:36:51      15    0.00    0.00    0.00    0.00    0.00    0.00    0.00    0.00    0.00  100.00
02:36:51      16    0.00    0.00    0.00    0.00    0.00    0.00    0.00    0.00    0.00  100.00
02:36:51      17    0.00    0.00    0.00    0.00    0.00    0.00    0.00    0.00    0.00  100.00
02:36:51      18    0.00    0.00    0.00    0.00    0.00    0.00    0.00    0.00    0.00  100.00
02:36:51      19    0.00    0.00    0.00    0.00    0.00    0.00    0.00    0.00    0.00  100.00
02:36:51      20    0.00    0.00    0.00    0.00    0.00    0.00    0.00    0.00    0.00  100.00
02:36:51      21    0.00    0.00    0.00    0.00    0.00    0.00    0.00    0.00    0.00  100.00
02:36:51      22    0.00    0.00    0.00    0.00    0.00    0.00    0.00    0.00    0.00  100.00
02:36:51      23    0.00    0.00    0.00    0.00    0.00    0.00    0.00    0.00    0.00  100.00
02:36:51      24    0.00    0.00    0.00    0.00    0.00    0.00    0.00    0.00    0.00  100.00
02:36:51      25    0.00    0.00    0.00    0.00    0.00    0.00    0.00    0.00    0.00  100.00
02:36:51      26    0.00    0.00    0.00    0.00    0.00    0.00    0.00    0.00    0.00  100.00
02:36:51      27    0.00    0.00    0.00    0.00    0.00    0.00    0.00    0.00    0.00  100.00
02:36:51      28    0.00    0.00    0.00    0.00    0.00    0.00    0.00    0.00    0.00  100.00
02:36:51      29    0.00    0.00    0.00    0.00    0.00    0.00    0.00    0.00    0.00  100.00
02:36:51      30    0.00    0.00    0.00    0.00    0.00    0.00    0.00    0.00    0.00  100.00
02:36:51      31    0.00    0.00    0.00    0.00    0.00    0.00    0.00    0.00    0.00  100.00
02:36:51      32    0.00    0.00    0.00    0.00    0.00    0.00    0.00    0.00    0.00  100.00
02:36:51      33    0.00    0.00    0.00    0.00    0.00    0.00    0.00    0.00    0.00  100.00
02:36:51      34    0.00    0.00    0.00    0.00    0.00    0.00    0.00    0.00    0.00  100.00
02:36:51      35    0.00    0.00    0.00    0.00    0.00    0.00    0.00    0.00    0.00  100.00
02:36:51      36    0.00    0.00    0.00    0.00    0.00    0.00    0.00    0.00    0.00  100.00
02:36:51      37    0.00    0.00    0.00    0.00    0.00    0.00    0.00    0.00    0.00  100.00
02:36:51      38    0.00    0.00    0.00    0.00    0.00    0.00    0.00    0.00    0.00  100.00
02:36:51      39    0.00    0.00    0.00    0.00    0.00    0.00    0.00    0.00    0.00  100.00
02:36:51      40    0.00    0.00    0.00    0.00    0.00    0.00    0.00    0.00    0.00  100.00
02:36:51      41    0.00    0.00    0.00    0.00    0.00    0.00    0.00    0.00    0.00  100.00
02:36:51      42    0.00    0.00    0.00    0.00    0.00    0.00    0.00    0.00    0.00  100.00
02:36:51      43    0.00    0.00    0.00    0.00    0.00    0.00    0.00    0.00    0.00  100.00
02:36:51      44    0.00    0.00    0.00    0.00    0.00    0.00    0.00    0.00    0.00  100.00
02:36:51      45    0.00    0.00    0.00    0.00    0.00    0.00    0.00    0.00    0.00  100.00
02:36:51      46    0.00    0.00    0.00    0.00    0.00    0.00    0.00    0.00    0.00  100.00
02:36:51      47    0.00    0.00    0.00    0.00    0.00    0.00    0.00    0.00    0.00  100.00
02:36:51      48    0.00    0.00    0.00    0.00    0.00    0.00    0.00    0.00    0.00  100.00
02:36:51      49    0.00    0.00    0.00    0.00    0.00    0.00    0.00    0.00    0.00  100.00
02:36:51      50    0.00    0.00    0.00    0.00    0.00    0.00    0.00    0.00    0.00  100.00
02:36:51      51    0.00    0.00    0.00    0.00    0.00    0.00    0.00    0.00    0.00  100.00
02:36:51      52    0.00    0.00    0.00    0.00    0.00    0.00    0.00    0.00    0.00  100.00
02:36:51      53    0.00    0.00    0.00    0.00    0.00    0.00    0.00    0.00    0.00  100.00
02:36:51      54    0.00    0.00    0.00    0.00    0.00    0.00    0.00    0.00    0.00  100.00
02:36:51      55    0.00    0.00    0.00    0.00    0.00    0.00    0.00    0.00    0.00  100.00
02:36:51      56    0.00    0.00    0.00    0.00    0.00    0.00    0.00    0.00    0.00  100.00
02:36:51      57    0.00    0.00    0.00    0.00    0.00    0.00    0.00    0.00    0.00  100.00
02:36:51      58    0.00    0.00    0.00    0.00    0.00    0.00    0.00    0.00    0.00  100.00
02:36:51      59    0.00    0.00    0.00    0.00    0.00    0.00    0.00    0.00    0.00  100.00
02:36:51      60    0.00    0.00    0.00    0.00    0.00    0.00    0.00    0.00    0.00  100.00
02:36:51      61    0.00    0.00    0.00    0.00    0.00    0.00    0.00    0.00    0.00  100.00
02:36:51      62    0.00    0.00    0.00    0.00    0.00    0.00    0.00    0.00    0.00  100.00
02:36:51      63    0.00    0.00    0.00    0.00    0.00    0.00    0.00    0.00    0.00  100.00
02:36:51      64    0.00    0.00    0.00    0.00    0.00    0.00    0.00    0.00    0.00  100.00
02:36:51      65    0.00    0.00    0.00    0.00    0.00    0.00    0.00    0.00    0.00  100.00
02:36:51      66    0.00    0.00    0.00    0.00    0.00    0.00    0.00    0.00    0.00  100.00
02:36:51      67    0.00    0.00    0.00    0.00    0.00    0.00    0.00    0.00    0.00  100.00
02:36:51      68    0.00    0.00    0.00    0.00    0.00    0.00    0.00    0.00    0.00  100.00
02:36:51      69    0.00    0.00    0.00    0.00    0.00    0.00    0.00    0.00    0.00  100.00
02:36:51      70    0.00    0.00    0.00    0.00    0.00    0.00    0.00    0.00    0.00  100.00
02:36:51      71    0.00    0.00    0.00    0.00    0.00    0.00    0.00    0.00    0.00  100.00
02:36:51      72    0.00    0.00    0.00    0.00    0.00    0.00    0.00    0.00    0.00  100.00
02:36:51      73    0.00    0.00    0.00    0.00    0.00    0.00    0.00    0.00    0.00  100.00
02:36:51      74    0.00    0.00    0.00    0.00    0.00    0.00    0.00    0.00    0.00  100.00
02:36:51      75    0.00    0.00    0.00    0.00    0.00    0.00    0.00    0.00    0.00  100.00
02:36:51      76    0.00    0.00    0.00    0.00    0.00    0.00    0.00    0.00    0.00  100.00
02:36:51      77    0.00    0.00    0.00    0.00    0.00    0.00    0.00    0.00    0.00  100.00
02:36:51      78    0.00    0.00    0.00    0.00    0.00    0.00    0.00    0.00    0.00  100.00
02:36:51      79    0.00    0.00    0.00    0.00    0.00    0.00    0.00    0.00    0.00  100.00
02:36:51      80    0.00    0.00    0.00    0.00    0.00    0.00    0.00    0.00    0.00  100.00
02:36:51      81    0.00    0.00    0.00    0.00    0.00    0.00    0.00    0.00    0.00  100.00
02:36:51      82    0.00    0.00    0.00    0.00    0.00    0.00    0.00    0.00    0.00  100.00
02:36:51      83    0.00    0.00    0.00    0.00    0.00    0.00    0.00    0.00    0.00  100.00
02:36:51      84    0.00    0.00    0.00    0.00    0.00    0.00    0.00    0.00    0.00  100.00
02:36:51      85    0.00    0.00    0.00    0.00    0.00    0.00    0.00    0.00    0.00  100.00
02:36:51      86    0.00    0.00    0.00    0.00    0.00    0.00    0.00    0.00    0.00  100.00
02:36:51      87    0.00    0.00    0.00    0.00    0.00    0.00    0.00    0.00    0.00  100.00
02:36:51      88    0.00    0.00    0.00    0.00    0.00    0.00    0.00    0.00    0.00  100.00
02:36:51      89    0.00    0.00    0.00    0.00    0.00    0.00    0.00    0.00    0.00  100.00
02:36:51      90    0.00    0.00    0.00    0.00    0.00    0.00    0.00    0.00    0.00  100.00
02:36:51      91    0.00    0.00    0.00    0.00    0.00    0.00    0.00    0.00    0.00  100.00
02:36:51      92    0.00    0.00    0.00    0.00    0.00    0.00    0.00    0.00    0.00  100.00
02:36:51      93    0.00    0.00    0.00    0.00    0.00    0.00    0.00    0.00    0.00  100.00
02:36:51      94    0.00    0.00    0.00    0.00    0.00    0.00    0.00    0.00    0.00  100.00
02:36:51      95    0.00    0.00    0.00    0.00    0.00    0.00    0.00    0.00    0.00  100.00

02:36:51     CPU    %usr   %nice    %sys %iowait    %irq   %soft  %steal  %guest  %gnice   %idle
02:36:52     all    0.00    0.00    0.01    0.00    0.00    0.00    0.00    0.00    0.00   99.99
02:36:52       0    0.00    0.00    0.00    0.00    0.00    0.00    0.00    0.00    0.00  100.00
02:36:52       1    0.00    0.00    0.00    0.00    0.00    0.00    0.00    0.00    0.00  100.00
02:36:52       2    0.00    0.00    0.00    0.00    0.00    0.00    0.00    0.00    0.00  100.00
02:36:52       3    0.00    0.00    0.00    0.00    0.00    0.00    0.00    0.00    0.00  100.00
02:36:52       4    0.00    0.00    0.00    0.00    0.00    0.00    0.00    0.00    0.00  100.00
02:36:52       5    0.00    0.00    0.00    0.00    0.00    0.00    0.00    0.00    0.00  100.00
02:36:52       6    0.00    0.00    0.00    0.00    0.00    0.00    0.00    0.00    0.00  100.00
02:36:52       7    0.00    0.00    0.00    0.00    0.00    0.00    0.00    0.00    0.00  100.00
02:36:52       8    0.00    0.00    0.00    0.00    0.00    0.00    0.00    0.00    0.00  100.00
02:36:52       9    0.00    0.00    0.00    0.00    0.00    0.00    0.00    0.00    0.00  100.00
02:36:52      10    0.00    0.00    0.00    0.00    0.00    0.00    0.00    0.00    0.00  100.00
02:36:52      11    0.00    0.00    0.00    0.00    0.00    0.00    0.00    0.00    0.00  100.00
02:36:52      12    0.00    0.00    0.00    0.00    0.00    0.00    0.00    0.00    0.00  100.00
02:36:52      13    0.00    0.00    1.00    0.00    0.00    0.00    0.00    0.00    0.00   99.00
02:36:52      14    0.00    0.00    0.00    0.00    0.00    0.00    0.00    0.00    0.00  100.00
02:36:52      15    0.00    0.00    0.00    0.00    0.00    0.00    0.00    0.00    0.00  100.00
02:36:52      16    0.00    0.00    0.00    0.00    0.00    0.00    0.00    0.00    0.00  100.00
02:36:52      17    0.00    0.00    0.00    0.00    0.00    0.00    0.00    0.00    0.00  100.00
02:36:52      18    0.00    0.00    0.00    0.00    0.00    0.00    0.00    0.00    0.00  100.00
02:36:52      19    0.00    0.00    0.00    0.00    0.00    0.00    0.00    0.00    0.00  100.00
02:36:52      20    0.00    0.00    0.00    0.00    0.00    0.00    0.00    0.00    0.00  100.00
02:36:52      21    0.00    0.00    0.00    0.00    0.00    0.00    0.00    0.00    0.00  100.00
02:36:52      22    0.00    0.00    0.00    0.00    0.00    0.00    0.00    0.00    0.00  100.00
02:36:52      23    0.00    0.00    0.00    0.00    0.00    0.00    0.00    0.00    0.00  100.00
02:36:52      24    0.00    0.00    0.00    0.00    0.00    0.00    0.00    0.00    0.00  100.00
02:36:52      25    0.00    0.00    0.00    0.00    0.00    0.00    0.00    0.00    0.00  100.00
02:36:52      26    0.00    0.00    0.00    0.00    0.00    0.00    0.00    0.00    0.00  100.00
02:36:52      27    0.00    0.00    0.00    0.00    0.00    0.00    0.00    0.00    0.00  100.00
02:36:52      28    0.00    0.00    0.00    0.00    0.00    0.00    0.00    0.00    0.00  100.00
02:36:52      29    0.00    0.00    0.00    0.00    0.00    0.00    0.00    0.00    0.00  100.00
02:36:52      30    0.00    0.00    0.00    0.00    0.00    0.00    0.00    0.00    0.00  100.00
02:36:52      31    0.00    0.00    0.00    0.00    0.00    0.00    0.00    0.00    0.00  100.00
02:36:52      32    0.00    0.00    0.00    0.00    0.00    0.00    0.00    0.00    0.00  100.00
02:36:52      33    0.00    0.00    0.00    0.00    0.00    0.00    0.00    0.00    0.00  100.00
02:36:52      34    0.00    0.00    0.00    0.00    0.00    0.00    0.00    0.00    0.00  100.00
02:36:52      35    0.00    0.00    0.00    0.00    0.00    0.00    0.00    0.00    0.00  100.00
02:36:52      36    0.00    0.00    0.00    0.00    0.00    0.00    0.00    0.00    0.00  100.00
02:36:52      37    0.00    0.00    0.00    0.00    0.00    0.00    0.00    0.00    0.00  100.00
02:36:52      38    0.00    0.00    0.00    0.00    0.00    0.00    0.00    0.00    0.00  100.00
02:36:52      39    0.00    0.00    0.00    0.00    0.00    0.00    0.00    0.00    0.00  100.00
02:36:52      40    0.00    0.00    0.00    0.00    0.00    0.00    0.00    0.00    0.00  100.00
02:36:52      41    0.00    0.00    0.00    0.00    0.00    0.00    0.00    0.00    0.00  100.00
02:36:52      42    0.00    0.00    0.00    0.00    0.00    0.00    0.00    0.00    0.00  100.00
02:36:52      43    0.00    0.00    0.00    0.00    0.00    0.00    0.00    0.00    0.00  100.00
02:36:52      44    0.00    0.00    0.00    0.00    0.00    0.00    0.00    0.00    0.00  100.00
02:36:52      45    0.00    0.00    0.00    0.00    0.00    0.00    0.00    0.00    0.00  100.00
02:36:52      46    0.00    0.00    0.00    0.00    0.00    0.00    0.00    0.00    0.00  100.00
02:36:52      47    0.00    0.00    0.00    0.00    0.00    0.00    0.00    0.00    0.00  100.00
02:36:52      48    0.00    0.00    0.00    0.00    0.00    0.00    0.00    0.00    0.00  100.00
02:36:52      49    0.00    0.00    0.00    0.00    0.00    0.00    0.00    0.00    0.00  100.00
02:36:52      50    0.00    0.00    0.00    0.00    0.00    0.00    0.00    0.00    0.00  100.00
02:36:52      51    0.00    0.00    0.00    0.00    0.00    0.00    0.00    0.00    0.00  100.00
02:36:52      52    0.00    0.00    0.00    0.00    0.00    0.00    0.00    0.00    0.00  100.00
02:36:52      53    0.00    0.00    0.00    0.00    0.00    0.00    0.00    0.00    0.00  100.00
02:36:52      54    0.00    0.00    0.00    0.00    0.00    0.00    0.00    0.00    0.00  100.00
02:36:52      55    0.00    0.00    0.00    0.00    0.00    0.00    0.00    0.00    0.00  100.00
02:36:52      56    0.00    0.00    0.00    0.00    0.00    0.00    0.00    0.00    0.00  100.00
02:36:52      57    0.00    0.00    0.00    0.00    0.00    0.00    0.00    0.00    0.00  100.00
02:36:52      58    0.00    0.00    0.00    0.00    0.00    0.00    0.00    0.00    0.00  100.00
02:36:52      59    0.00    0.00    0.00    0.00    0.00    0.00    0.00    0.00    0.00  100.00
02:36:52      60    0.00    0.00    0.00    0.00    0.00    0.00    0.00    0.00    0.00  100.00
02:36:52      61    0.00    0.00    0.00    0.00    0.00    0.00    0.00    0.00    0.00  100.00
02:36:52      62    0.00    0.00    0.00    0.00    0.00    0.00    0.00    0.00    0.00  100.00
02:36:52      63    0.00    0.00    0.00    0.00    0.00    0.00    0.00    0.00    0.00  100.00
02:36:52      64    0.00    0.00    0.00    0.00    0.00    0.00    0.00    0.00    0.00  100.00
02:36:52      65    0.00    0.00    0.00    0.00    0.00    0.00    0.00    0.00    0.00  100.00
02:36:52      66    0.00    0.00    0.00    0.00    0.00    0.00    0.00    0.00    0.00  100.00
02:36:52      67    0.00    0.00    0.00    0.00    0.00    0.00    0.00    0.00    0.00  100.00
02:36:52      68    0.00    0.00    0.00    0.00    0.00    0.00    0.00    0.00    0.00  100.00
02:36:52      69    0.00    0.00    0.00    0.00    0.00    0.00    0.00    0.00    0.00  100.00
02:36:52      70    0.00    0.00    0.00    0.00    0.00    0.00    0.00    0.00    0.00  100.00
02:36:52      71    0.00    0.00    0.00    0.00    0.00    0.00    0.00    0.00    0.00  100.00
02:36:52      72    0.00    0.00    0.00    0.00    0.00    0.00    0.00    0.00    0.00  100.00
02:36:52      73    0.00    0.00    0.00    0.00    0.00    0.00    0.00    0.00    0.00  100.00
02:36:52      74    0.00    0.00    0.00    0.00    0.00    0.00    0.00    0.00    0.00  100.00
02:36:52      75    0.00    0.00    0.00    0.00    0.00    0.00    0.00    0.00    0.00  100.00
02:36:52      76    0.00    0.00    0.00    0.00    0.00    0.00    0.00    0.00    0.00  100.00
02:36:52      77    0.00    0.00    0.00    0.00    0.00    0.00    0.00    0.00    0.00  100.00
02:36:52      78    0.00    0.00    0.00    0.00    0.00    0.00    0.00    0.00    0.00  100.00
02:36:52      79    0.00    0.00    0.00    0.00    0.00    0.00    0.00    0.00    0.00  100.00
02:36:52      80    0.00    0.00    0.00    0.00    0.00    0.00    0.00    0.00    0.00  100.00
02:36:52      81    0.00    0.00    0.00    0.00    0.00    0.00    0.00    0.00    0.00  100.00
02:36:52      82    0.00    0.00    0.00    0.00    0.00    0.00    0.00    0.00    0.00  100.00
02:36:52      83    0.00    0.00    0.00    0.00    0.00    0.00    0.00    0.00    0.00  100.00
02:36:52      84    0.00    0.00    0.00    0.00    0.00    0.00    0.00    0.00    0.00  100.00
02:36:52      85    0.00    0.00    0.00    0.00    0.00    0.00    0.00    0.00    0.00  100.00
02:36:52      86    0.00    0.00    0.00    0.00    0.00    0.00    0.00    0.00    0.00  100.00
02:36:52      87    0.00    0.00    0.00    0.00    0.00    0.00    0.00    0.00    0.00  100.00
02:36:52      88    0.00    0.00    0.00    0.00    0.00    0.00    0.00    0.00    0.00  100.00
02:36:52      89    0.00    0.00    0.00    0.00    0.00    0.00    0.00    0.00    0.00  100.00
02:36:52      90    0.00    0.00    0.00    0.00    0.00    0.00    0.00    0.00    0.00  100.00
02:36:52      91    0.00    0.00    0.00    0.00    0.00    0.00    0.00    0.00    0.00  100.00
02:36:52      92    0.00    0.00    0.00    0.00    0.00    0.00    0.00    0.00    0.00  100.00
02:36:52      93    0.00    0.00    0.00    0.00    0.00    0.00    0.00    0.00    0.00  100.00
02:36:52      94    0.00    0.00    0.00    0.00    0.00    0.00    0.00    0.00    0.00  100.00
02:36:52      95    0.00    0.00    0.00    0.00    0.00    0.00    0.00    0.00    0.00  100.00

02:36:52     CPU    %usr   %nice    %sys %iowait    %irq   %soft  %steal  %guest  %gnice   %idle
02:36:53     all    0.00    0.00    0.00    0.00    0.00    0.00    0.00    0.00    0.00  100.00
02:36:53       0    0.00    0.00    0.00    0.00    0.00    0.00    0.00    0.00    0.00  100.00
02:36:53       1    0.00    0.00    0.00    0.00    0.00    0.00    0.00    0.00    0.00  100.00
02:36:53       2    0.00    0.00    0.00    0.00    0.00    0.00    0.00    0.00    0.00  100.00
02:36:53       3    0.00    0.00    0.00    0.00    0.00    0.00    0.00    0.00    0.00  100.00
02:36:53       4    0.00    0.00    0.00    0.00    0.00    0.00    0.00    0.00    0.00  100.00
02:36:53       5    0.00    0.00    0.00    0.00    0.00    0.00    0.00    0.00    0.00  100.00
02:36:53       6    0.00    0.00    0.00    0.00    0.00    0.00    0.00    0.00    0.00  100.00
02:36:53       7    0.00    0.00    0.00    0.00    0.00    0.00    0.00    0.00    0.00  100.00
02:36:53       8    0.00    0.00    0.00    0.00    0.00    0.00    0.00    0.00    0.00  100.00
02:36:53       9    0.00    0.00    0.00    0.00    0.00    0.00    0.00    0.00    0.00  100.00
02:36:53      10    0.00    0.00    0.00    0.00    0.00    0.00    0.00    0.00    0.00  100.00
02:36:53      11    0.00    0.00    0.00    0.00    0.00    0.00    0.00    0.00    0.00  100.00
02:36:53      12    0.00    0.00    0.00    0.00    0.00    0.00    0.00    0.00    0.00  100.00
02:36:53      13    0.00    0.00    0.00    0.00    0.00    0.00    0.00    0.00    0.00  100.00
02:36:53      14    0.00    0.00    0.00    0.00    0.00    0.00    0.00    0.00    0.00  100.00
02:36:53      15    0.00    0.00    0.00    0.00    0.00    0.00    0.00    0.00    0.00  100.00
02:36:53      16    0.00    0.00    0.00    0.00    0.00    0.00    0.00    0.00    0.00  100.00
02:36:53      17    0.00    0.00    0.00    0.00    0.00    0.00    0.00    0.00    0.00  100.00
02:36:53      18    0.00    0.00    0.00    0.00    0.00    0.00    0.00    0.00    0.00  100.00
02:36:53      19    0.00    0.00    0.00    0.00    0.00    0.00    0.00    0.00    0.00  100.00
02:36:53      20    0.00    0.00    0.00    0.00    0.00    0.00    0.00    0.00    0.00  100.00
02:36:53      21    0.00    0.00    0.00    0.00    0.00    0.00    0.00    0.00    0.00  100.00
02:36:53      22    0.00    0.00    0.00    0.00    0.00    0.00    0.00    0.00    0.00  100.00
02:36:53      23    0.00    0.00    0.00    0.00    0.00    0.00    0.00    0.00    0.00  100.00
02:36:53      24    0.00    0.00    0.00    0.00    0.00    0.00    0.00    0.00    0.00  100.00
02:36:53      25    0.00    0.00    0.00    0.00    0.00    0.00    0.00    0.00    0.00  100.00
02:36:53      26    0.00    0.00    0.00    0.00    0.00    0.00    0.00    0.00    0.00  100.00
02:36:53      27    0.00    0.00    0.00    0.00    0.00    0.00    0.00    0.00    0.00  100.00
02:36:53      28    0.00    0.00    0.00    0.00    0.00    0.00    0.00    0.00    0.00  100.00
02:36:53      29    0.00    0.00    0.00    0.00    0.00    0.00    0.00    0.00    0.00  100.00
02:36:53      30    0.00    0.00    0.00    0.00    0.00    0.00    0.00    0.00    0.00  100.00
02:36:53      31    0.00    0.00    0.00    0.00    0.00    0.00    0.00    0.00    0.00  100.00
02:36:53      32    0.00    0.00    0.00    0.00    0.00    0.00    0.00    0.00    0.00  100.00
02:36:53      33    0.00    0.00    0.00    0.00    0.00    0.00    0.00    0.00    0.00  100.00
02:36:53      34    0.00    0.00    0.00    0.00    0.00    0.00    0.00    0.00    0.00  100.00
02:36:53      35    0.00    0.00    0.00    0.00    0.00    0.00    0.00    0.00    0.00  100.00
02:36:53      36    0.00    0.00    0.00    0.00    0.00    0.00    0.00    0.00    0.00  100.00
02:36:53      37    0.00    0.00    0.00    0.00    0.00    0.00    0.00    0.00    0.00  100.00
02:36:53      38    0.00    0.00    0.00    0.00    0.00    0.00    0.00    0.00    0.00  100.00
02:36:53      39    0.00    0.00    0.00    0.00    0.00    0.00    0.00    0.00    0.00  100.00
02:36:53      40    0.00    0.00    0.00    0.00    0.00    0.00    0.00    0.00    0.00  100.00
02:36:53      41    0.00    0.00    0.00    0.00    0.00    0.00    0.00    0.00    0.00  100.00
02:36:53      42    0.00    0.00    0.00    0.00    0.00    0.00    0.00    0.00    0.00  100.00
02:36:53      43    0.00    0.00    0.00    0.00    0.00    0.00    0.00    0.00    0.00  100.00
02:36:53      44    0.00    0.00    0.00    0.00    0.00    0.00    0.00    0.00    0.00  100.00
02:36:53      45    0.00    0.00    0.00    0.00    0.00    0.00    0.00    0.00    0.00  100.00
02:36:53      46    0.00    0.00    0.00    0.00    0.00    0.00    0.00    0.00    0.00  100.00
02:36:53      47    0.00    0.00    0.00    0.00    0.00    0.00    0.00    0.00    0.00  100.00
02:36:53      48    0.00    0.00    0.00    0.00    0.00    0.00    0.00    0.00    0.00  100.00
02:36:53      49    0.00    0.00    0.00    0.00    0.00    0.00    0.00    0.00    0.00  100.00
02:36:53      50    0.00    0.00    0.00    0.00    0.00    0.00    0.00    0.00    0.00  100.00
02:36:53      51    0.00    0.00    0.00    0.00    0.00    0.00    0.00    0.00    0.00  100.00
02:36:53      52    0.00    0.00    0.00    0.00    0.00    0.00    0.00    0.00    0.00  100.00
02:36:53      53    0.00    0.00    0.00    0.00    0.00    0.00    0.00    0.00    0.00  100.00
02:36:53      54    0.00    0.00    0.00    0.00    0.00    0.00    0.00    0.00    0.00  100.00
02:36:53      55    0.00    0.00    0.00    0.00    0.00    0.00    0.00    0.00    0.00  100.00
02:36:53      56    0.00    0.00    0.00    0.00    0.00    0.00    0.00    0.00    0.00  100.00
02:36:53      57    0.00    0.00    0.00    0.00    0.00    0.00    0.00    0.00    0.00  100.00
02:36:53      58    0.00    0.00    0.00    0.00    0.00    0.00    0.00    0.00    0.00  100.00
02:36:53      59    0.00    0.00    0.00    0.00    0.00    0.00    0.00    0.00    0.00  100.00
02:36:53      60    0.00    0.00    0.00    0.00    0.00    0.00    0.00    0.00    0.00  100.00
02:36:53      61    0.00    0.00    0.00    0.00    0.00    0.00    0.00    0.00    0.00  100.00
02:36:53      62    0.00    0.00    0.00    0.00    0.00    0.00    0.00    0.00    0.00  100.00
02:36:53      63    0.00    0.00    0.00    0.00    0.00    0.00    0.00    0.00    0.00  100.00
02:36:53      64    0.00    0.00    0.00    0.00    0.00    0.00    0.00    0.00    0.00  100.00
02:36:53      65    0.00    0.00    0.00    0.00    0.00    0.00    0.00    0.00    0.00  100.00
02:36:53      66    0.00    0.00    0.00    0.00    0.00    0.00    0.00    0.00    0.00  100.00
02:36:53      67    0.00    0.00    0.00    0.00    0.00    0.00    0.00    0.00    0.00  100.00
02:36:53      68    0.00    0.00    0.00    0.00    0.00    0.00    0.00    0.00    0.00  100.00
02:36:53      69    0.00    0.00    0.00    0.00    0.00    0.00    0.00    0.00    0.00  100.00
02:36:53      70    0.00    0.00    0.00    0.00    0.00    0.00    0.00    0.00    0.00  100.00
02:36:53      71    0.00    0.00    0.00    0.00    0.00    0.00    0.00    0.00    0.00  100.00
02:36:53      72    0.00    0.00    0.00    0.00    0.00    0.00    0.00    0.00    0.00  100.00
02:36:53      73    0.00    0.00    0.00    0.00    0.00    0.00    0.00    0.00    0.00  100.00
02:36:53      74    0.00    0.00    0.00    0.00    0.00    0.00    0.00    0.00    0.00  100.00
02:36:53      75    0.00    0.00    0.00    0.00    0.00    0.00    0.00    0.00    0.00  100.00
02:36:53      76    0.00    0.00    0.00    0.00    0.00    0.00    0.00    0.00    0.00  100.00
02:36:53      77    0.00    0.00    0.00    0.00    0.00    0.00    0.00    0.00    0.00  100.00
02:36:53      78    0.00    0.00    0.00    0.00    0.00    0.00    0.00    0.00    0.00  100.00
02:36:53      79    0.00    0.00    0.00    0.00    0.00    0.00    0.00    0.00    0.00  100.00
02:36:53      80    0.00    0.00    0.00    0.00    0.00    0.00    0.00    0.00    0.00  100.00
02:36:53      81    0.00    0.00    0.00    0.00    0.00    0.00    0.00    0.00    0.00  100.00
02:36:53      82    0.00    0.00    0.00    0.00    0.00    0.00    0.00    0.00    0.00  100.00
02:36:53      83    0.00    0.00    0.00    0.00    0.00    0.00    0.00    0.00    0.00  100.00
02:36:53      84    0.00    0.00    0.00    0.00    0.00    0.00    0.00    0.00    0.00  100.00
02:36:53      85    0.00    0.00    0.00    0.00    0.00    0.00    0.00    0.00    0.00  100.00
02:36:53      86    0.00    0.00    0.00    0.00    0.00    0.00    0.00    0.00    0.00  100.00
02:36:53      87    0.00    0.00    0.00    0.00    0.00    0.00    0.00    0.00    0.00  100.00
02:36:53      88    0.00    0.00    0.00    0.00    0.00    0.00    0.00    0.00    0.00  100.00
02:36:53      89    0.00    0.00    0.00    0.00    0.00    0.00    0.00    0.00    0.00  100.00
02:36:53      90    0.00    0.00    0.00    0.00    0.00    0.00    0.00    0.00    0.00  100.00
02:36:53      91    0.00    0.00    0.00    0.00    0.00    0.00    0.00    0.00    0.00  100.00
02:36:53      92    0.00    0.00    0.00    0.00    0.00    0.00    0.00    0.00    0.00  100.00
02:36:53      93    0.00    0.00    0.00    0.00    0.00    0.00    0.00    0.00    0.00  100.00
02:36:53      94    0.00    0.00    0.00    0.00    0.00    0.00    0.00    0.00    0.00  100.00
02:36:53      95    0.00    0.00    0.00    0.00    0.00    0.00    0.00    0.00    0.00  100.00

Average:     CPU    %usr   %nice    %sys %iowait    %irq   %soft  %steal  %guest  %gnice   %idle
Average:     all   12.86    0.00    0.09    0.03    0.00    0.00    0.00    0.00    0.00   87.02
Average:       0    0.00    0.00    0.00    0.00    0.00    0.00    0.00    0.00    0.00  100.00
Average:       1   25.50    0.00    0.10    0.10    0.00    0.00    0.00    0.00    0.00   74.30
Average:       2    0.00    0.00    0.00    0.00    0.00    0.00    0.00    0.00    0.00  100.00
Average:       3    0.00    0.00    0.00    0.00    0.00    0.00    0.00    0.00    0.00  100.00
Average:       4    0.00    0.00    0.00    0.00    0.00    0.00    0.00    0.00    0.00  100.00
Average:       5   17.50    0.00    0.10    0.00    0.00    0.00    0.00    0.00    0.00   82.40
Average:       6    0.00    0.00    0.00    0.00    0.00    0.00    0.00    0.00    0.00  100.00
Average:       7    0.00    0.00    0.00    0.00    0.00    0.00    0.00    0.00    0.00  100.00
Average:       8    0.00    0.00    0.00    0.00    0.00    0.00    0.00    0.00    0.00  100.00
Average:       9    0.00    0.00    0.00    0.00    0.00    0.00    0.00    0.00    0.00  100.00
Average:      10    0.00    0.00    0.00    0.00    0.00    0.00    0.00    0.00    0.00  100.00
Average:      11    0.00    0.00    0.00    0.00    0.00    0.00    0.00    0.00    0.00  100.00
Average:      12    0.00    0.00    0.00    0.00    0.00    0.00    0.00    0.00    0.00  100.00
Average:      13   25.70    0.00    0.20    0.10    0.00    0.00    0.00    0.00    0.00   74.00
Average:      14   17.50    0.00    0.10    0.00    0.00    0.00    0.00    0.00    0.00   82.40
Average:      15   25.70    0.00    0.20    0.00    0.00    0.00    0.00    0.00    0.00   74.10
Average:      16   25.73    0.00    0.10    0.00    0.00    0.00    0.00    0.00    0.00   74.17
Average:      17   25.73    0.00    0.10    0.00    0.00    0.00    0.00    0.00    0.00   74.17
Average:      18    0.00    0.00    0.00    0.00    0.00    0.00    0.00    0.00    0.00  100.00
Average:      19    0.10    0.00    0.00    0.00    0.00    0.00    0.00    0.00    0.00   99.90
Average:      20    0.00    0.00    0.00    0.00    0.00    0.00    0.00    0.00    0.00  100.00
Average:      21    0.00    0.00    0.00    0.00    0.00    0.00    0.00    0.00    0.00  100.00
Average:      22    0.00    0.00    0.00    0.00    0.00    0.00    0.00    0.00    0.00  100.00
Average:      23   25.60    0.00    0.30    0.10    0.00    0.00    0.00    0.00    0.00   74.00
Average:      24    0.00    0.00    0.00    0.00    0.00    0.00    0.00    0.00    0.00  100.00
Average:      25    0.00    0.00    0.00    0.00    0.00    0.00    0.00    0.00    0.00  100.00
Average:      26    0.00    0.00    0.00    0.00    0.00    0.00    0.00    0.00    0.00  100.00
Average:      27    0.00    0.00    0.00    0.00    0.00    0.00    0.00    0.00    0.00  100.00
Average:      28    0.00    0.00    0.00    0.00    0.00    0.00    0.00    0.00    0.00  100.00
Average:      29    0.00    0.00    0.00    0.00    0.00    0.00    0.00    0.00    0.00  100.00
Average:      30    0.00    0.00    0.00    0.00    0.00    0.00    0.00    0.00    0.00  100.00
Average:      31    0.00    0.00    0.00    0.00    0.00    0.00    0.00    0.00    0.00  100.00
Average:      32    0.00    0.00    0.00    0.00    0.00    0.00    0.00    0.00    0.00  100.00
Average:      33    0.00    0.00    0.00    0.00    0.00    0.00    0.00    0.00    0.00  100.00
Average:      34    0.00    0.00    0.00    0.00    0.00    0.00    0.00    0.00    0.00  100.00
Average:      35    0.00    0.00    0.00    0.00    0.00    0.00    0.00    0.00    0.00  100.00
Average:      36    0.00    0.00    0.00    0.00    0.00    0.00    0.00    0.00    0.00  100.00
Average:      37    0.00    0.00    0.00    0.00    0.00    0.00    0.00    0.00    0.00  100.00
Average:      38    0.00    0.00    0.00    0.00    0.00    0.00    0.00    0.00    0.00  100.00
Average:      39    7.00    0.00    0.00    0.00    0.00    0.00    0.00    0.00    0.00   93.00
Average:      40   25.67    0.00    0.20    0.10    0.00    0.00    0.00    0.00    0.00   74.03
Average:      41    0.00    0.00    0.00    0.00    0.00    0.00    0.00    0.00    0.00  100.00
Average:      42    0.00    0.00    0.00    0.00    0.00    0.00    0.00    0.00    0.00  100.00
Average:      43    0.00    0.00    0.00    0.00    0.00    0.00    0.00    0.00    0.00  100.00
Average:      44   25.60    0.00    0.20    0.10    0.00    0.00    0.00    0.00    0.00   74.10
Average:      45    0.00    0.00    0.00    0.00    0.00    0.00    0.00    0.00    0.00  100.00
Average:      46    0.00    0.00    0.00    0.00    0.00    0.00    0.00    0.00    0.00  100.00
Average:      47    0.00    0.00    0.00    0.00    0.00    0.00    0.00    0.00    0.00  100.00
Average:      48   25.63    0.00    0.20    0.00    0.00    0.00    0.00    0.00    0.00   74.17
Average:      49    0.10    0.00    0.00    0.00    0.00    0.00    0.00    0.00    0.00   99.90
Average:      50   25.67    0.00    0.20    0.00    0.00    0.00    0.00    0.00    0.00   74.13
Average:      51   25.70    0.00    0.20    0.00    0.00    0.00    0.00    0.00    0.00   74.10
Average:      52   25.60    0.00    0.20    0.10    0.00    0.00    0.00    0.00    0.00   74.10
Average:      53    8.10    0.00    0.10    0.10    0.00    0.00    0.00    0.00    0.00   91.70
Average:      54   25.60    0.00    0.20    0.10    0.00    0.00    0.00    0.00    0.00   74.10
Average:      55   25.60    0.00    0.20    0.10    0.00    0.00    0.00    0.00    0.00   74.10
Average:      56   25.70    0.00    0.10    0.10    0.00    0.00    0.00    0.00    0.00   74.10
Average:      57   25.67    0.00    0.20    0.10    0.00    0.00    0.00    0.00    0.00   74.03
Average:      58   25.63    0.00    0.10    0.10    0.00    0.00    0.00    0.00    0.00   74.17
Average:      59   25.63    0.00    0.20    0.00    0.00    0.00    0.00    0.00    0.00   74.17
Average:      60   25.70    0.00    0.10    0.10    0.00    0.00    0.00    0.00    0.00   74.10
Average:      61    0.00    0.00    0.00    0.00    0.00    0.00    0.00    0.00    0.00  100.00
Average:      62    8.20    0.00    0.10    0.00    0.00    0.00    0.00    0.00    0.00   91.70
Average:      63    0.00    0.00    0.00    0.00    0.00    0.00    0.00    0.00    0.00  100.00
Average:      64    0.00    0.00    0.00    0.00    0.00    0.00    0.00    0.00    0.00  100.00
Average:      65    0.00    0.00    0.00    0.00    0.00    0.00    0.00    0.00    0.00  100.00
Average:      66   28.20    0.00    0.80    0.00    0.00    0.00    0.00    0.00    0.00   71.00
Average:      67   25.70    0.00    0.10    0.10    0.00    0.00    0.00    0.00    0.00   74.10
Average:      68   25.70    0.00    0.20    0.00    0.00    0.00    0.00    0.00    0.00   74.10
Average:      69   25.73    0.00    0.10    0.00    0.00    0.00    0.00    0.00    0.00   74.17
Average:      70   25.70    0.00    0.20    0.00    0.00    0.00    0.00    0.00    0.00   74.10
Average:      71    0.00    0.00    0.00    0.00    0.00    0.00    0.00    0.00    0.00  100.00
Average:      72   25.70    0.00    0.20    0.00    0.00    0.00    0.00    0.00    0.00   74.10
Average:      73   25.63    0.00    0.20    0.00    0.00    0.00    0.00    0.00    0.00   74.17
Average:      74   25.70    0.00    0.20    0.00    0.00    0.00    0.00    0.00    0.00   74.10
Average:      75   25.60    0.00    0.20    0.10    0.00    0.00    0.00    0.00    0.00   74.10
Average:      76   25.73    0.00    0.10    0.00    0.00    0.00    0.00    0.00    0.00   74.17
Average:      77   25.70    0.00    0.10    0.10    0.00    0.00    0.00    0.00    0.00   74.10
Average:      78   25.70    0.00    0.10    0.10    0.00    0.00    0.00    0.00    0.00   74.10
Average:      79   25.75    0.00    0.20    0.10    0.00    0.00    0.00    0.00    0.00   73.95
Average:      80   25.60    0.00    0.20    0.10    0.00    0.00    0.00    0.00    0.00   74.10
Average:      81   25.63    0.00    0.20    0.00    0.00    0.00    0.00    0.00    0.00   74.17
Average:      82   25.57    0.00    0.30    0.10    0.00    0.00    0.00    0.00    0.00   74.03
Average:      83   25.60    0.00    0.20    0.10    0.00    0.00    0.00    0.00    0.00   74.10
Average:      84   25.70    0.00    0.20    0.00    0.00    0.00    0.00    0.00    0.00   74.10
Average:      85   25.60    0.00    0.20    0.10    0.00    0.00    0.00    0.00    0.00   74.10
Average:      86   25.67    0.00    0.20    0.10    0.00    0.00    0.00    0.00    0.00   74.03
Average:      87   18.62    0.00    0.10    0.00    0.00    0.00    0.00    0.00    0.00   81.28
Average:      88    0.00    0.00    0.00    0.00    0.00    0.00    0.00    0.00    0.00  100.00
Average:      89   25.70    0.00    0.10    0.10    0.00    0.00    0.00    0.00    0.00   74.10
Average:      90   25.63    0.00    0.10    0.10    0.00    0.00    0.00    0.00    0.00   74.17
Average:      91   25.63    0.00    0.20    0.00    0.00    0.00    0.00    0.00    0.00   74.17
Average:      92    0.00    0.00    0.00    0.00    0.00    0.00    0.00    0.00    0.00  100.00
Average:      93   25.60    0.00    0.20    0.10    0.00    0.00    0.00    0.00    0.00   74.10
Average:      94   25.67    0.00    0.20    0.10    0.00    0.00    0.00    0.00    0.00   74.03
Average:      95   25.60    0.00    0.20    0.10    0.00    0.00    0.00    0.00    0.00   74.10
