Linux 6.17.0-1017-aws (ip-10-42-1-164) 	08/22/26 	_x86_64_	(96 CPU)

02:57:14     CPU    %usr   %nice    %sys %iowait    %irq   %soft  %steal  %guest  %gnice   %idle
02:57:15     all    0.65    0.00    0.40    0.00    0.00    0.00    0.00    0.00    0.00   98.96
02:57:15       0    0.00    0.00    0.00    0.00    0.00    0.00    0.00    0.00    0.00  100.00
02:57:15       1    0.00    0.00    0.00    0.00    0.00    0.00    0.00    0.00    0.00  100.00
02:57:15       2    0.00    0.00    0.00    0.00    0.00    0.00    0.00    0.00    0.00  100.00
02:57:15       3    0.00    0.00    0.00    0.00    0.00    0.00    0.00    0.00    0.00  100.00
02:57:15       4    0.00    0.00    0.00    0.00    0.00    0.00    0.00    0.00    0.00  100.00
02:57:15       5    0.00    0.00    0.00    0.00    0.00    0.00    0.00    0.00    0.00  100.00
02:57:15       6    0.00    0.00    0.00    0.00    0.00    0.00    0.00    0.00    0.00  100.00
02:57:15       7    0.00    0.00    0.00    0.00    0.00    0.00    0.00    0.00    0.00  100.00
02:57:15       8    0.00    0.00    0.00    0.00    0.00    0.00    0.00    0.00    0.00  100.00
02:57:15       9    0.00    0.00    0.00    0.00    0.00    0.00    0.00    0.00    0.00  100.00
02:57:15      10    0.00    0.00    0.00    0.00    0.00    0.00    0.00    0.00    0.00  100.00
02:57:15      11    0.00    0.00    0.00    0.00    0.00    0.00    0.00    0.00    0.00  100.00
02:57:15      12    0.00    0.00    0.00    0.00    0.00    0.00    0.00    0.00    0.00  100.00
02:57:15      13    0.00    0.00    0.00    0.00    0.00    0.00    0.00    0.00    0.00  100.00
02:57:15      14    0.00    0.00    0.00    0.00    0.00    0.00    0.00    0.00    0.00  100.00
02:57:15      15    0.00    0.00    0.00    0.00    0.00    0.00    0.00    0.00    0.00  100.00
02:57:15      16    0.00    0.00    0.00    0.00    0.00    0.00    0.00    0.00    0.00  100.00
02:57:15      17    0.00    0.00    0.00    0.00    0.00    0.00    0.00    0.00    0.00  100.00
02:57:15      18    0.00    0.00    0.00    0.00    0.00    0.00    0.00    0.00    0.00  100.00
02:57:15      19    0.00    0.00    0.00    0.00    0.00    0.00    0.00    0.00    0.00  100.00
02:57:15      20    0.00    0.00    0.00    0.00    0.00    0.00    0.00    0.00    0.00  100.00
02:57:15      21    0.00    0.00    0.00    0.00    0.00    0.00    0.00    0.00    0.00  100.00
02:57:15      22    0.00    0.00    0.00    0.00    0.00    0.00    0.00    0.00    0.00  100.00
02:57:15      23    0.00    0.00    0.00    0.00    0.00    0.00    0.00    0.00    0.00  100.00
02:57:15      24    0.00    0.00    0.00    0.00    0.00    0.00    0.00    0.00    0.00  100.00
02:57:15      25    0.00    0.00    0.00    0.00    0.00    0.00    0.00    0.00    0.00  100.00
02:57:15      26    0.00    0.00    0.00    0.00    0.00    0.00    0.00    0.00    0.00  100.00
02:57:15      27    0.00    0.00    0.00    0.00    0.00    0.00    0.00    0.00    0.00  100.00
02:57:15      28    0.00    0.00    0.00    0.00    0.00    0.00    0.00    0.00    0.00  100.00
02:57:15      29    0.00    0.00    0.00    0.00    0.00    0.00    0.00    0.00    0.00  100.00
02:57:15      30    0.00    0.00    0.00    0.00    0.00    0.00    0.00    0.00    0.00  100.00
02:57:15      31    0.00    0.00    0.00    0.00    0.00    0.00    0.00    0.00    0.00  100.00
02:57:15      32    0.00    0.00    0.00    0.00    0.00    0.00    0.00    0.00    0.00  100.00
02:57:15      33    0.00    0.00    0.00    0.00    0.00    0.00    0.00    0.00    0.00  100.00
02:57:15      34    0.00    0.00    0.00    0.00    0.00    0.00    0.00    0.00    0.00  100.00
02:57:15      35    0.00    0.00    0.00    0.00    0.00    0.00    0.00    0.00    0.00  100.00
02:57:15      36    0.00    0.00    0.00    0.00    0.00    0.00    0.00    0.00    0.00  100.00
02:57:15      37    0.00    0.00    0.00    0.00    0.00    0.00    0.00    0.00    0.00  100.00
02:57:15      38    0.00    0.00    0.00    0.00    0.00    0.00    0.00    0.00    0.00  100.00
02:57:15      39    0.00    0.00    0.00    0.00    0.00    0.00    0.00    0.00    0.00  100.00
02:57:15      40    0.00    0.00    0.00    0.00    0.00    0.00    0.00    0.00    0.00  100.00
02:57:15      41    0.00    0.00    0.00    0.00    0.00    0.00    0.00    0.00    0.00  100.00
02:57:15      42    0.00    0.00    0.00    0.00    0.00    0.00    0.00    0.00    0.00  100.00
02:57:15      43    0.00    0.00    0.00    0.00    0.00    0.00    0.00    0.00    0.00  100.00
02:57:15      44    0.00    0.00    0.00    0.00    0.00    0.00    0.00    0.00    0.00  100.00
02:57:15      45    0.00    0.00    0.00    0.00    0.00    0.00    0.00    0.00    0.00  100.00
02:57:15      46    0.00    0.00    0.00    0.00    0.00    0.00    0.00    0.00    0.00  100.00
02:57:15      47    0.00    0.00    0.00    0.00    0.00    0.00    0.00    0.00    0.00  100.00
02:57:15      48    0.00    0.00    0.00    0.00    0.00    0.00    0.00    0.00    0.00  100.00
02:57:15      49    0.00    0.00    0.00    0.00    0.00    0.00    0.00    0.00    0.00  100.00
02:57:15      50    0.00    0.00    0.00    0.00    0.00    0.00    0.00    0.00    0.00  100.00
02:57:15      51    0.00    0.00    0.00    0.00    0.00    0.00    0.00    0.00    0.00  100.00
02:57:15      52    0.00    0.00    0.00    0.00    0.00    0.00    0.00    0.00    0.00  100.00
02:57:15      53    0.00    0.00    0.00    0.00    0.00    0.00    0.00    0.00    0.00  100.00
02:57:15      54    0.00    0.00    0.00    0.00    0.00    0.00    0.00    0.00    0.00  100.00
02:57:15      55    0.00    0.00    0.00    0.00    0.00    0.00    0.00    0.00    0.00  100.00
02:57:15      56    0.00    0.00    0.00    0.00    0.00    0.00    0.00    0.00    0.00  100.00
02:57:15      57    0.00    0.00    0.00    0.00    0.00    0.00    0.00    0.00    0.00  100.00
02:57:15      58    0.00    0.00    0.00    0.00    0.00    0.00    0.00    0.00    0.00  100.00
02:57:15      59    0.00    0.00    0.00    0.00    0.00    0.00    0.00    0.00    0.00  100.00
02:57:15      60    0.00    0.00    0.00    0.00    0.00    0.00    0.00    0.00    0.00  100.00
02:57:15      61    0.00    0.00    0.00    0.00    0.00    0.00    0.00    0.00    0.00  100.00
02:57:15      62    0.00    0.00    0.00    0.00    0.00    0.00    0.00    0.00    0.00  100.00
02:57:15      63    0.00    0.00    0.00    0.00    0.00    0.00    0.00    0.00    0.00  100.00
02:57:15      64    0.00    0.00    0.00    0.00    0.00    0.00    0.00    0.00    0.00  100.00
02:57:15      65   61.39    0.00   37.62    0.00    0.00    0.00    0.00    0.00    0.00    0.99
02:57:15      66    0.00    0.00    0.00    0.00    0.00    0.00    0.00    0.00    0.00  100.00
02:57:15      67    0.00    0.00    0.00    0.00    0.00    0.00    0.00    0.00    0.00  100.00
02:57:15      68    0.00    0.00    0.00    0.00    0.00    0.00    0.00    0.00    0.00  100.00
02:57:15      69    0.00    0.00    0.00    0.00    0.00    0.00    0.00    0.00    0.00  100.00
02:57:15      70    0.00    0.00    0.00    0.00    0.00    0.00    0.00    0.00    0.00  100.00
02:57:15      71    0.00    0.00    0.00    0.00    0.00    0.00    0.00    0.00    0.00  100.00
02:57:15      72    0.00    0.00    0.00    0.00    0.00    0.00    0.00    0.00    0.00  100.00
02:57:15      73    0.00    0.00    0.00    0.00    0.00    0.00    0.00    0.00    0.00  100.00
02:57:15      74    0.00    0.00    0.00    0.00    0.00    0.00    0.00    0.00    0.00  100.00
02:57:15      75    0.00    0.00    0.00    0.00    0.00    0.00    0.00    0.00    0.00  100.00
02:57:15      76    0.00    0.00    0.00    0.00    0.00    0.00    0.00    0.00    0.00  100.00
02:57:15      77    0.00    0.00    0.00    0.00    0.00    0.00    0.00    0.00    0.00  100.00
02:57:15      78    0.00    0.00    0.00    0.00    0.00    0.00    0.00    0.00    0.00  100.00
02:57:15      79    0.00    0.00    0.00    0.00    0.00    0.00    0.00    0.00    0.00  100.00
02:57:15      80    0.00    0.00    0.00    0.00    0.00    0.00    0.00    0.00    0.00  100.00
02:57:15      81    0.00    0.00    0.00    0.00    0.00    0.00    0.00    0.00    0.00  100.00
02:57:15      82    0.00    0.00    0.00    0.00    0.00    0.00    0.00    0.00    0.00  100.00
02:57:15      83    0.00    0.00    0.00    0.00    0.00    0.00    0.00    0.00    0.00  100.00
02:57:15      84    0.00    0.00    0.00    0.00    0.00    0.00    0.00    0.00    0.00  100.00
02:57:15      85    0.00    0.00    0.00    0.00    0.00    0.00    0.00    0.00    0.00  100.00
02:57:15      86    0.00    0.00    0.00    0.00    0.00    0.00    0.00    0.00    0.00  100.00
02:57:15      87    0.00    0.00    0.00    0.00    0.00    0.00    0.00    0.00    0.00  100.00
02:57:15      88    0.00    0.00    0.00    0.00    0.00    0.00    0.00    0.00    0.00  100.00
02:57:15      89    0.00    0.00    0.00    0.00    0.00    0.00    0.00    0.00    0.00  100.00
02:57:15      90    0.00    0.00    0.00    0.00    0.00    0.00    0.00    0.00    0.00  100.00
02:57:15      91    0.00    0.00    0.00    0.00    0.00    0.00    0.00    0.00    0.00  100.00
02:57:15      92    0.00    0.00    0.00    0.00    0.00    0.00    0.00    0.00    0.00  100.00
02:57:15      93    0.00    0.00    0.00    0.00    0.00    0.00    0.00    0.00    0.00  100.00
02:57:15      94    0.00    0.00    0.00    0.00    0.00    0.00    0.00    0.00    0.00  100.00
02:57:15      95    0.00    0.00    0.00    0.00    0.00    0.00    0.00    0.00    0.00  100.00

02:57:15     CPU    %usr   %nice    %sys %iowait    %irq   %soft  %steal  %guest  %gnice   %idle
02:57:16     all    0.56    0.00    0.48    0.00    0.00    0.00    0.00    0.00    0.00   98.96
02:57:16       0    0.00    0.00    0.00    0.00    0.00    0.00    0.00    0.00    0.00  100.00
02:57:16       1    0.00    0.00    0.00    0.00    0.00    0.00    0.00    0.00    0.00  100.00
02:57:16       2    0.00    0.00    0.00    0.00    0.00    0.00    0.00    0.00    0.00  100.00
02:57:16       3    0.00    0.00    0.00    0.00    0.00    0.00    0.00    0.00    0.00  100.00
02:57:16       4    0.00    0.00    0.00    0.00    0.00    0.00    0.00    0.00    0.00  100.00
02:57:16       5    0.00    0.00    0.00    0.00    0.00    0.00    0.00    0.00    0.00  100.00
02:57:16       6    0.00    0.00    0.00    0.00    0.00    0.00    0.00    0.00    0.00  100.00
02:57:16       7    0.00    0.00    0.00    0.00    0.00    0.00    0.00    0.00    0.00  100.00
02:57:16       8    0.00    0.00    0.00    0.00    0.00    0.00    0.00    0.00    0.00  100.00
02:57:16       9    0.00    0.00    0.00    0.00    0.00    0.00    0.00    0.00    0.00  100.00
02:57:16      10    0.00    0.00    0.00    0.00    0.00    0.00    0.00    0.00    0.00  100.00
02:57:16      11    0.00    0.00    0.00    0.00    0.00    0.00    0.00    0.00    0.00  100.00
02:57:16      12    0.00    0.00    0.00    0.00    0.00    0.00    0.00    0.00    0.00  100.00
02:57:16      13    0.00    0.00    0.00    0.00    0.00    0.00    0.00    0.00    0.00  100.00
02:57:16      14    0.00    0.00    0.00    0.00    0.00    0.00    0.00    0.00    0.00  100.00
02:57:16      15    0.00    0.00    0.00    0.00    0.00    0.00    0.00    0.00    0.00  100.00
02:57:16      16    0.00    0.00    0.00    0.00    0.00    0.00    0.00    0.00    0.00  100.00
02:57:16      17    0.00    0.00    0.00    0.00    0.00    0.00    0.00    0.00    0.00  100.00
02:57:16      18    0.00    0.00    0.00    0.00    0.00    0.00    0.00    0.00    0.00  100.00
02:57:16      19    0.00    0.00    0.00    0.00    0.00    0.00    0.00    0.00    0.00  100.00
02:57:16      20    0.00    0.00    0.00    0.00    0.00    0.00    0.00    0.00    0.00  100.00
02:57:16      21    0.00    0.00    0.00    0.00    0.00    0.00    0.00    0.00    0.00  100.00
02:57:16      22    0.00    0.00    0.00    0.00    0.00    0.00    0.00    0.00    0.00  100.00
02:57:16      23    0.00    0.00    0.00    0.00    0.00    0.00    0.00    0.00    0.00  100.00
02:57:16      24    0.00    0.00    0.00    0.00    0.00    0.00    0.00    0.00    0.00  100.00
02:57:16      25    0.00    0.00    0.00    0.00    0.00    0.00    0.00    0.00    0.00  100.00
02:57:16      26    0.00    0.00    0.00    0.00    0.00    0.00    0.00    0.00    0.00  100.00
02:57:16      27    0.00    0.00    0.00    0.00    0.00    0.00    0.00    0.00    0.00  100.00
02:57:16      28    0.00    0.00    0.00    0.00    0.00    0.00    0.00    0.00    0.00  100.00
02:57:16      29    0.00    0.00    0.00    0.00    0.00    0.00    0.00    0.00    0.00  100.00
02:57:16      30    0.00    0.00    0.00    0.00    0.00    0.00    0.00    0.00    0.00  100.00
02:57:16      31    0.00    0.00    0.00    0.00    0.00    0.00    0.00    0.00    0.00  100.00
02:57:16      32    0.00    0.00    0.00    0.00    0.00    0.00    0.00    0.00    0.00  100.00
02:57:16      33    0.00    0.00    0.00    0.00    0.00    0.00    0.00    0.00    0.00  100.00
02:57:16      34    0.00    0.00    0.00    0.00    0.00    0.00    0.00    0.00    0.00  100.00
02:57:16      35    0.00    0.00    0.00    0.00    0.00    0.00    0.00    0.00    0.00  100.00
02:57:16      36    0.00    0.00    0.00    0.00    0.00    0.00    0.00    0.00    0.00  100.00
02:57:16      37    0.00    0.00    0.00    0.00    0.00    0.00    0.00    0.00    0.00  100.00
02:57:16      38    0.00    0.00    0.00    0.00    0.00    0.00    0.00    0.00    0.00  100.00
02:57:16      39    0.00    0.00    0.00    0.00    0.00    0.00    0.00    0.00    0.00  100.00
02:57:16      40    0.00    0.00    0.00    0.00    0.00    0.00    0.00    0.00    0.00  100.00
02:57:16      41    0.00    0.00    0.00    0.00    0.00    0.00    0.00    0.00    0.00  100.00
02:57:16      42    0.00    0.00    0.00    0.00    0.00    0.00    0.00    0.00    0.00  100.00
02:57:16      43    0.00    0.00    0.00    0.00    0.00    0.00    0.00    0.00    0.00  100.00
02:57:16      44    0.00    0.00    0.00    0.00    0.00    0.00    0.00    0.00    0.00  100.00
02:57:16      45    0.00    0.00    0.00    0.00    0.00    0.00    0.00    0.00    0.00  100.00
02:57:16      46    0.00    0.00    0.00    0.00    0.00    0.00    0.00    0.00    0.00  100.00
02:57:16      47    0.00    0.00    0.00    0.00    0.00    0.00    0.00    0.00    0.00  100.00
02:57:16      48    0.00    0.00    0.00    0.00    0.00    0.00    0.00    0.00    0.00  100.00
02:57:16      49    0.00    0.00    0.00    0.00    0.00    0.00    0.00    0.00    0.00  100.00
02:57:16      50    0.00    0.00    0.00    0.00    0.00    0.00    0.00    0.00    0.00  100.00
02:57:16      51    0.00    0.00    0.00    0.00    0.00    0.00    0.00    0.00    0.00  100.00
02:57:16      52    0.00    0.00    0.00    0.00    0.00    0.00    0.00    0.00    0.00  100.00
02:57:16      53    0.00    0.00    0.00    0.00    0.00    0.00    0.00    0.00    0.00  100.00
02:57:16      54    0.00    0.00    0.00    0.00    0.00    0.00    0.00    0.00    0.00  100.00
02:57:16      55    0.00    0.00    0.00    0.00    0.00    0.00    0.00    0.00    0.00  100.00
02:57:16      56    0.00    0.00    0.00    0.00    0.00    0.00    0.00    0.00    0.00  100.00
02:57:16      57    0.00    0.00    0.00    0.00    0.00    0.00    0.00    0.00    0.00  100.00
02:57:16      58    0.00    0.00    0.00    0.00    0.00    0.00    0.00    0.00    0.00  100.00
02:57:16      59    0.00    0.00    0.00    0.00    0.00    0.00    0.00    0.00    0.00  100.00
02:57:16      60    0.00    0.00    0.00    0.00    0.00    0.00    0.00    0.00    0.00  100.00
02:57:16      61    0.00    0.00    0.00    0.00    0.00    0.00    0.00    0.00    0.00  100.00
02:57:16      62    0.00    0.00    0.00    0.00    0.00    0.00    0.00    0.00    0.00  100.00
02:57:16      63    0.00    0.00    0.00    0.00    0.00    0.00    0.00    0.00    0.00  100.00
02:57:16      64    0.00    0.00    0.00    0.00    0.00    0.00    0.00    0.00    0.00  100.00
02:57:16      65   54.00    0.00   46.00    0.00    0.00    0.00    0.00    0.00    0.00    0.00
02:57:16      66    0.00    0.00    0.00    0.00    0.00    0.00    0.00    0.00    0.00  100.00
02:57:16      67    0.00    0.00    0.00    0.00    0.00    0.00    0.00    0.00    0.00  100.00
02:57:16      68    0.00    0.00    0.00    0.00    0.00    0.00    0.00    0.00    0.00  100.00
02:57:16      69    0.00    0.00    0.00    0.00    0.00    0.00    0.00    0.00    0.00  100.00
02:57:16      70    0.00    0.00    0.00    0.00    0.00    0.00    0.00    0.00    0.00  100.00
02:57:16      71    0.00    0.00    0.00    0.00    0.00    0.00    0.00    0.00    0.00  100.00
02:57:16      72    0.00    0.00    0.00    0.00    0.00    0.00    0.00    0.00    0.00  100.00
02:57:16      73    0.00    0.00    0.00    0.00    0.00    0.00    0.00    0.00    0.00  100.00
02:57:16      74    0.00    0.00    0.00    0.00    0.00    0.00    0.00    0.00    0.00  100.00
02:57:16      75    0.00    0.00    0.00    0.00    0.00    0.00    0.00    0.00    0.00  100.00
02:57:16      76    0.00    0.00    0.00    0.00    0.00    0.00    0.00    0.00    0.00  100.00
02:57:16      77    0.00    0.00    0.00    0.00    0.00    0.00    0.00    0.00    0.00  100.00
02:57:16      78    0.00    0.00    0.00    0.00    0.00    0.00    0.00    0.00    0.00  100.00
02:57:16      79    0.00    0.00    0.00    0.00    0.00    0.00    0.00    0.00    0.00  100.00
02:57:16      80    0.00    0.00    0.00    0.00    0.00    0.00    0.00    0.00    0.00  100.00
02:57:16      81    0.00    0.00    0.00    0.00    0.00    0.00    0.00    0.00    0.00  100.00
02:57:16      82    0.00    0.00    0.00    0.00    0.00    0.00    0.00    0.00    0.00  100.00
02:57:16      83    0.00    0.00    0.00    0.00    0.00    0.00    0.00    0.00    0.00  100.00
02:57:16      84    0.00    0.00    0.00    0.00    0.00    0.00    0.00    0.00    0.00  100.00
02:57:16      85    0.00    0.00    0.00    0.00    0.00    0.00    0.00    0.00    0.00  100.00
02:57:16      86    0.00    0.00    0.00    0.00    0.00    0.00    0.00    0.00    0.00  100.00
02:57:16      87    0.00    0.00    0.00    0.00    0.00    0.00    0.00    0.00    0.00  100.00
02:57:16      88    0.00    0.00    0.00    0.00    0.00    0.00    0.00    0.00    0.00  100.00
02:57:16      89    0.00    0.00    0.00    0.00    0.00    0.00    0.00    0.00    0.00  100.00
02:57:16      90    0.00    0.00    0.00    0.00    0.00    0.00    0.00    0.00    0.00  100.00
02:57:16      91    0.00    0.00    0.00    0.00    0.00    0.00    0.00    0.00    0.00  100.00
02:57:16      92    0.00    0.00    0.00    0.00    0.00    0.00    0.00    0.00    0.00  100.00
02:57:16      93    0.00    0.00    0.00    0.00    0.00    0.00    0.00    0.00    0.00  100.00
02:57:16      94    0.00    0.00    0.00    0.00    0.00    0.00    0.00    0.00    0.00  100.00
02:57:16      95    0.00    0.00    0.00    0.00    0.00    0.00    0.00    0.00    0.00  100.00

02:57:16     CPU    %usr   %nice    %sys %iowait    %irq   %soft  %steal  %guest  %gnice   %idle
02:57:17     all   33.07    0.00    0.28    0.56    0.00    0.00    0.00    0.00    0.00   66.09
02:57:17       0   66.00    0.00    0.00    1.00    0.00    0.00    0.00    0.00    0.00   33.00
02:57:17       1    0.00    0.00    0.00    0.00    0.00    0.00    0.00    0.00    0.00  100.00
02:57:17       2    0.00    0.00    0.00    0.00    0.00    0.00    0.00    0.00    0.00  100.00
02:57:17       3    0.00    0.00    0.00    0.00    0.00    0.00    0.00    0.00    0.00  100.00
02:57:17       4    0.00    0.00    0.00    0.00    0.00    0.00    0.00    0.00    0.00  100.00
02:57:17       5    0.00    0.00    0.00    0.00    0.00    0.00    0.00    0.00    0.00  100.00
02:57:17       6    0.00    0.00    0.00    0.00    0.00    0.00    0.00    0.00    0.00  100.00
02:57:17       7    0.00    0.00    0.00    0.00    0.00    0.00    0.00    0.00    0.00  100.00
02:57:17       8   65.00    0.00    0.00    2.00    0.00    0.00    0.00    0.00    0.00   33.00
02:57:17       9    0.00    0.00    0.00    0.00    0.00    0.00    0.00    0.00    0.00  100.00
02:57:17      10   66.00    0.00    0.00    1.00    0.00    0.00    0.00    0.00    0.00   33.00
02:57:17      11    0.00    0.00    0.00    0.00    0.00    0.00    0.00    0.00    0.00  100.00
02:57:17      12    0.00    0.00    0.00    0.00    0.00    0.00    0.00    0.00    0.00  100.00
02:57:17      13   66.00    0.00    0.00    1.00    0.00    0.00    0.00    0.00    0.00   33.00
02:57:17      14   65.35    0.00    0.99    1.98    0.00    0.00    0.00    0.00    0.00   31.68
02:57:17      15    0.00    0.00    0.00    0.00    0.00    0.00    0.00    0.00    0.00  100.00
02:57:17      16   66.00    0.00    0.00    1.00    0.00    0.00    0.00    0.00    0.00   33.00
02:57:17      17    0.00    0.00    0.00    0.00    0.00    0.00    0.00    0.00    0.00  100.00
02:57:17      18    0.00    0.00    0.00    0.00    0.00    0.00    0.00    0.00    0.00  100.00
02:57:17      19    0.00    0.00    0.00    0.00    0.00    0.00    0.00    0.00    0.00  100.00
02:57:17      20    0.00    0.00    0.00    0.00    0.00    0.00    0.00    0.00    0.00  100.00
02:57:17      21    0.00    0.00    0.00    0.00    0.00    0.00    0.00    0.00    0.00  100.00
02:57:17      22    0.00    0.00    0.00    0.00    0.00    0.00    0.00    0.00    0.00  100.00
02:57:17      23    0.00    0.00    0.00    0.00    0.00    0.00    0.00    0.00    0.00  100.00
02:57:17      24   66.67    0.00    0.00    1.01    0.00    0.00    0.00    0.00    0.00   32.32
02:57:17      25    0.00    0.00    0.00    0.00    0.00    0.00    0.00    0.00    0.00  100.00
02:57:17      26    0.00    0.00    0.00    0.00    0.00    0.00    0.00    0.00    0.00  100.00
02:57:17      27    0.00    0.00    0.00    0.00    0.00    0.00    0.00    0.00    0.00  100.00
02:57:17      28    0.00    0.00    0.00    0.00    0.00    0.00    0.00    0.00    0.00  100.00
02:57:17      29    0.00    0.00    0.00    0.00    0.00    0.00    0.00    0.00    0.00  100.00
02:57:17      30    0.00    0.00    0.00    0.00    0.00    0.00    0.00    0.00    0.00  100.00
02:57:17      31   66.67    0.00    0.00    1.01    0.00    0.00    0.00    0.00    0.00   32.32
02:57:17      32    0.00    0.00    0.00    0.00    0.00    0.00    0.00    0.00    0.00  100.00
02:57:17      33    0.00    0.00    0.00    0.00    0.00    0.00    0.00    0.00    0.00  100.00
02:57:17      34    0.00    0.00    0.00    0.00    0.00    0.00    0.00    0.00    0.00  100.00
02:57:17      35    0.00    0.00    0.00    0.00    0.00    0.00    0.00    0.00    0.00  100.00
02:57:17      36    0.00    0.00    0.00    0.00    0.00    0.00    0.00    0.00    0.00  100.00
02:57:17      37    0.00    0.00    0.00    0.00    0.00    0.00    0.00    0.00    0.00  100.00
02:57:17      38    0.00    0.00    0.00    0.00    0.00    0.00    0.00    0.00    0.00  100.00
02:57:17      39    0.00    0.00    0.00    0.00    0.00    0.00    0.00    0.00    0.00  100.00
02:57:17      40   66.67    0.00    0.00    1.01    0.00    0.00    0.00    0.00    0.00   32.32
02:57:17      41    0.00    0.00    0.00    0.00    0.00    0.00    0.00    0.00    0.00  100.00
02:57:17      42    0.00    0.00    0.00    0.00    0.00    0.00    0.00    0.00    0.00  100.00
02:57:17      43    0.00    0.00    0.00    0.00    0.00    0.00    0.00    0.00    0.00  100.00
02:57:17      44    0.00    0.00    0.00    0.00    0.00    0.00    0.00    0.00    0.00  100.00
02:57:17      45    0.00    0.00    0.00    0.00    0.00    0.00    0.00    0.00    0.00  100.00
02:57:17      46    0.00    0.00    0.00    0.00    0.00    0.00    0.00    0.00    0.00  100.00
02:57:17      47    0.00    0.00    0.00    0.00    0.00    0.00    0.00    0.00    0.00  100.00
02:57:17      48    0.00    0.00    0.00    0.00    0.00    0.00    0.00    0.00    0.00  100.00
02:57:17      49   66.00    0.00    1.00    0.00    0.00    0.00    0.00    0.00    0.00   33.00
02:57:17      50   66.00    0.00    0.00    1.00    0.00    0.00    0.00    0.00    0.00   33.00
02:57:17      51   65.35    0.00    0.00    0.99    0.00    0.00    0.00    0.00    0.00   33.66
02:57:17      52   66.00    0.00    0.00    1.00    0.00    0.00    0.00    0.00    0.00   33.00
02:57:17      53   66.67    0.00    0.00    1.01    0.00    0.00    0.00    0.00    0.00   32.32
02:57:17      54   65.35    0.00    0.99    0.99    0.00    0.00    0.00    0.00    0.00   32.67
02:57:17      55   66.00    0.00    0.00    1.00    0.00    0.00    0.00    0.00    0.00   33.00
02:57:17      56    0.00    0.00    0.00    0.00    0.00    0.00    0.00    0.00    0.00  100.00
02:57:17      57   66.00    0.00    0.00    1.00    0.00    0.00    0.00    0.00    0.00   33.00
02:57:17      58    0.00    0.00    0.00    0.00    0.00    0.00    0.00    0.00    0.00  100.00
02:57:17      59   65.66    0.00    0.00    1.01    0.00    0.00    0.00    0.00    0.00   33.33
02:57:17      60   66.00    0.00    0.00    1.00    0.00    0.00    0.00    0.00    0.00   33.00
02:57:17      61    0.00    0.00    0.00    0.00    0.00    0.00    0.00    0.00    0.00  100.00
02:57:17      62    0.00    0.00    0.00    0.00    0.00    0.00    0.00    0.00    0.00  100.00
02:57:17      63   65.66    0.00    0.00    1.01    0.00    0.00    0.00    0.00    0.00   33.33
02:57:17      64    0.00    0.00    0.00    0.00    0.00    0.00    0.00    0.00    0.00  100.00
02:57:17      65   79.80    0.00   19.19    1.01    0.00    0.00    0.00    0.00    0.00    0.00
02:57:17      66   65.35    0.00    0.00    1.98    0.00    0.00    0.00    0.00    0.00   32.67
02:57:17      67   67.00    0.00    0.00    1.00    0.00    0.00    0.00    0.00    0.00   32.00
02:57:17      68   66.00    0.00    0.00    2.00    0.00    0.00    0.00    0.00    0.00   32.00
02:57:17      69   65.35    0.00    0.99    0.99    0.00    0.00    0.00    0.00    0.00   32.67
02:57:17      70   66.00    0.00    0.00    1.00    0.00    0.00    0.00    0.00    0.00   33.00
02:57:17      71   65.66    0.00    0.00    2.02    0.00    0.00    0.00    0.00    0.00   32.32
02:57:17      72    0.00    0.00    0.00    0.00    0.00    0.00    0.00    0.00    0.00  100.00
02:57:17      73   65.00    0.00    0.00    2.00    0.00    0.00    0.00    0.00    0.00   33.00
02:57:17      74   66.00    0.00    0.00    2.00    0.00    0.00    0.00    0.00    0.00   32.00
02:57:17      75   66.33    0.00    0.00    1.02    0.00    0.00    0.00    0.00    0.00   32.65
02:57:17      76   66.00    0.00    1.00    0.00    0.00    0.00    0.00    0.00    0.00   33.00
02:57:17      77   66.00    0.00    0.00    1.00    0.00    0.00    0.00    0.00    0.00   33.00
02:57:17      78   66.00    0.00    0.00    2.00    0.00    0.00    0.00    0.00    0.00   32.00
02:57:17      79    0.00    0.00    0.00    0.00    0.00    0.00    0.00    0.00    0.00  100.00
02:57:17      80   65.00    0.00    0.00    2.00    0.00    0.00    0.00    0.00    0.00   33.00
02:57:17      81   65.35    0.00    0.00    1.98    0.00    0.00    0.00    0.00    0.00   32.67
02:57:17      82   65.66    0.00    0.00    1.01    0.00    0.00    0.00    0.00    0.00   33.33
02:57:17      83   65.35    0.00    0.00    1.98    0.00    0.00    0.00    0.00    0.00   32.67
02:57:17      84   66.00    0.00    0.00    1.00    0.00    0.00    0.00    0.00    0.00   33.00
02:57:17      85   66.00    0.00    1.00    0.00    0.00    0.00    0.00    0.00    0.00   33.00
02:57:17      86   65.66    0.00    0.00    1.01    0.00    0.00    0.00    0.00    0.00   33.33
02:57:17      87   66.00    0.00    0.00    1.00    0.00    0.00    0.00    0.00    0.00   33.00
02:57:17      88    0.00    0.00    0.00    0.00    0.00    0.00    0.00    0.00    0.00  100.00
02:57:17      89   66.00    0.00    1.00    1.00    0.00    0.00    0.00    0.00    0.00   32.00
02:57:17      90   66.00    0.00    0.00    1.00    0.00    0.00    0.00    0.00    0.00   33.00
02:57:17      91   66.67    0.00    0.00    0.00    0.00    0.00    0.00    0.00    0.00   33.33
02:57:17      92   66.00    0.00    0.00    1.00    0.00    0.00    0.00    0.00    0.00   33.00
02:57:17      93   66.00    0.00    0.00    1.00    0.00    0.00    0.00    0.00    0.00   33.00
02:57:17      94   66.67    0.00    0.00    1.01    0.00    0.00    0.00    0.00    0.00   32.32
02:57:17      95   65.66    0.00    1.01    0.00    0.00    0.00    0.00    0.00    0.00   33.33

02:57:17     CPU    %usr   %nice    %sys %iowait    %irq   %soft  %steal  %guest  %gnice   %idle
02:57:18     all   46.66    0.00    0.20    0.00    0.00    0.00    0.00    0.00    0.00   53.14
02:57:18       0   94.00    0.00    0.00    0.00    0.00    0.00    0.00    0.00    0.00    6.00
02:57:18       1    0.00    0.00    0.00    0.00    0.00    0.00    0.00    0.00    0.00  100.00
02:57:18       2    0.00    0.00    0.00    0.00    0.00    0.00    0.00    0.00    0.00  100.00
02:57:18       3    0.00    0.00    0.00    0.00    0.00    0.00    0.00    0.00    0.00  100.00
02:57:18       4    0.00    0.00    0.00    0.00    0.00    0.00    0.00    0.00    0.00  100.00
02:57:18       5    0.00    0.00    0.00    0.00    0.00    0.00    0.00    0.00    0.00  100.00
02:57:18       6    0.00    0.00    0.00    0.00    0.00    0.00    0.00    0.00    0.00  100.00
02:57:18       7    0.00    0.00    0.00    0.00    0.00    0.00    0.00    0.00    0.00  100.00
02:57:18       8   93.07    0.00    0.00    0.00    0.00    0.00    0.00    0.00    0.00    6.93
02:57:18       9    0.00    0.00    0.00    0.00    0.00    0.00    0.00    0.00    0.00  100.00
02:57:18      10   94.00    0.00    0.00    0.00    0.00    0.00    0.00    0.00    0.00    6.00
02:57:18      11    0.00    0.00    0.00    0.00    0.00    0.00    0.00    0.00    0.00  100.00
02:57:18      12    0.00    0.00    0.00    0.00    0.00    0.00    0.00    0.00    0.00  100.00
02:57:18      13   94.00    0.00    0.00    0.00    0.00    0.00    0.00    0.00    0.00    6.00
02:57:18      14   93.00    0.00    0.00    0.00    0.00    0.00    0.00    0.00    0.00    7.00
02:57:18      15    0.00    0.00    0.00    0.00    0.00    0.00    0.00    0.00    0.00  100.00
02:57:18      16   92.08    0.00    0.99    0.00    0.00    0.00    0.00    0.00    0.00    6.93
02:57:18      17   17.00    0.00    0.00    0.00    0.00    0.00    0.00    0.00    0.00   83.00
02:57:18      18    0.00    0.00    0.00    0.00    0.00    0.00    0.00    0.00    0.00  100.00
02:57:18      19    0.00    0.00    0.00    0.00    0.00    0.00    0.00    0.00    0.00  100.00
02:57:18      20    0.00    0.00    0.00    0.00    0.00    0.00    0.00    0.00    0.00  100.00
02:57:18      21    0.00    0.00    0.00    0.00    0.00    0.00    0.00    0.00    0.00  100.00
02:57:18      22    0.00    0.00    0.00    0.00    0.00    0.00    0.00    0.00    0.00  100.00
02:57:18      23    0.00    0.00    0.00    0.00    0.00    0.00    0.00    0.00    0.00  100.00
02:57:18      24   93.07    0.00    0.00    0.00    0.00    0.00    0.00    0.00    0.00    6.93
02:57:18      25    0.00    0.00    0.00    0.00    0.00    0.00    0.00    0.00    0.00  100.00
02:57:18      26    0.00    0.00    0.00    0.00    0.00    0.00    0.00    0.00    0.00  100.00
02:57:18      27    0.00    0.00    0.00    0.00    0.00    0.00    0.00    0.00    0.00  100.00
02:57:18      28    0.00    0.00    0.00    0.00    0.00    0.00    0.00    0.00    0.00  100.00
02:57:18      29    0.00    0.00    0.00    0.00    0.00    0.00    0.00    0.00    0.00  100.00
02:57:18      30    0.00    0.00    0.00    0.00    0.00    0.00    0.00    0.00    0.00  100.00
02:57:18      31   93.00    0.00    0.00    0.00    0.00    0.00    0.00    0.00    0.00    7.00
02:57:18      32    0.00    0.00    0.00    0.00    0.00    0.00    0.00    0.00    0.00  100.00
02:57:18      33    0.00    0.00    0.00    0.00    0.00    0.00    0.00    0.00    0.00  100.00
02:57:18      34    0.00    0.00    0.00    0.00    0.00    0.00    0.00    0.00    0.00  100.00
02:57:18      35    0.00    0.00    0.00    0.00    0.00    0.00    0.00    0.00    0.00  100.00
02:57:18      36    0.00    0.00    0.00    0.00    0.00    0.00    0.00    0.00    0.00  100.00
02:57:18      37    0.00    0.00    0.00    0.00    0.00    0.00    0.00    0.00    0.00  100.00
02:57:18      38    0.00    0.00    0.00    0.00    0.00    0.00    0.00    0.00    0.00  100.00
02:57:18      39    0.00    0.00    0.00    0.00    0.00    0.00    0.00    0.00    0.00  100.00
02:57:18      40   92.08    0.00    0.99    0.00    0.00    0.00    0.00    0.00    0.00    6.93
02:57:18      41    0.00    0.00    0.00    0.00    0.00    0.00    0.00    0.00    0.00  100.00
02:57:18      42    0.00    0.00    0.00    0.00    0.00    0.00    0.00    0.00    0.00  100.00
02:57:18      43    0.00    0.00    0.00    0.00    0.00    0.00    0.00    0.00    0.00  100.00
02:57:18      44    0.00    0.00    0.00    0.00    0.00    0.00    0.00    0.00    0.00  100.00
02:57:18      45    0.00    0.00    0.00    0.00    0.00    0.00    0.00    0.00    0.00  100.00
02:57:18      46    0.00    0.00    0.00    0.00    0.00    0.00    0.00    0.00    0.00  100.00
02:57:18      47    0.00    0.00    0.00    0.00    0.00    0.00    0.00    0.00    0.00  100.00
02:57:18      48    0.00    0.00    0.00    0.00    0.00    0.00    0.00    0.00    0.00  100.00
02:57:18      49   93.00    0.00    0.00    0.00    0.00    0.00    0.00    0.00    0.00    7.00
02:57:18      50   93.00    0.00    1.00    0.00    0.00    0.00    0.00    0.00    0.00    6.00
02:57:18      51   94.00    0.00    0.00    0.00    0.00    0.00    0.00    0.00    0.00    6.00
02:57:18      52   93.07    0.00    0.99    0.00    0.00    0.00    0.00    0.00    0.00    5.94
02:57:18      53   93.00    0.00    0.00    0.00    0.00    0.00    0.00    0.00    0.00    7.00
02:57:18      54   93.00    0.00    0.00    0.00    0.00    0.00    0.00    0.00    0.00    7.00
02:57:18      55   94.00    0.00    0.00    0.00    0.00    0.00    0.00    0.00    0.00    6.00
02:57:18      56    0.00    0.00    0.00    0.00    0.00    0.00    0.00    0.00    0.00  100.00
02:57:18      57   93.07    0.00    0.00    0.00    0.00    0.00    0.00    0.00    0.00    6.93
02:57:18      58    0.00    0.00    0.00    0.00    0.00    0.00    0.00    0.00    0.00  100.00
02:57:18      59   94.00    0.00    0.00    0.00    0.00    0.00    0.00    0.00    0.00    6.00
02:57:18      60   92.08    0.00    0.99    0.00    0.00    0.00    0.00    0.00    0.00    6.93
02:57:18      61    0.00    0.00    0.00    0.00    0.00    0.00    0.00    0.00    0.00  100.00
02:57:18      62    0.00    0.00    0.00    0.00    0.00    0.00    0.00    0.00    0.00  100.00
02:57:18      63   92.16    0.00    0.98    0.00    0.00    0.00    0.00    0.00    0.00    6.86
02:57:18      64    0.00    0.00    0.00    0.00    0.00    0.00    0.00    0.00    0.00  100.00
02:57:18      65   77.00    0.00    7.00    0.00    0.00    0.00    0.00    0.00    0.00   16.00
02:57:18      66   93.00    0.00    1.00    0.00    0.00    0.00    0.00    0.00    0.00    6.00
02:57:18      67   92.08    0.00    0.99    0.00    0.00    0.00    0.00    0.00    0.00    6.93
02:57:18      68   93.00    0.00    0.00    0.00    0.00    0.00    0.00    0.00    0.00    7.00
02:57:18      69   93.94    0.00    0.00    0.00    0.00    0.00    0.00    0.00    0.00    6.06
02:57:18      70   93.00    0.00    1.00    0.00    0.00    0.00    0.00    0.00    0.00    6.00
02:57:18      71   93.07    0.00    0.00    0.00    0.00    0.00    0.00    0.00    0.00    6.93
02:57:18      72    0.00    0.00    0.00    0.00    0.00    0.00    0.00    0.00    0.00  100.00
02:57:18      73   94.00    0.00    0.00    0.00    0.00    0.00    0.00    0.00    0.00    6.00
02:57:18      74   93.00    0.00    0.00    0.00    0.00    0.00    0.00    0.00    0.00    7.00
02:57:18      75   93.07    0.00    0.00    0.00    0.00    0.00    0.00    0.00    0.00    6.93
02:57:18      76   93.94    0.00    0.00    0.00    0.00    0.00    0.00    0.00    0.00    6.06
02:57:18      77   93.94    0.00    0.00    0.00    0.00    0.00    0.00    0.00    0.00    6.06
02:57:18      78   93.00    0.00    0.00    0.00    0.00    0.00    0.00    0.00    0.00    7.00
02:57:18      79    0.00    0.00    0.00    0.00    0.00    0.00    0.00    0.00    0.00  100.00
02:57:18      80   94.00    0.00    0.00    0.00    0.00    0.00    0.00    0.00    0.00    6.00
02:57:18      81   93.07    0.00    0.00    0.00    0.00    0.00    0.00    0.00    0.00    6.93
02:57:18      82   93.94    0.00    0.00    0.00    0.00    0.00    0.00    0.00    0.00    6.06
02:57:18      83   93.00    0.00    0.00    0.00    0.00    0.00    0.00    0.00    0.00    7.00
02:57:18      84   93.94    0.00    0.00    0.00    0.00    0.00    0.00    0.00    0.00    6.06
02:57:18      85   93.07    0.00    0.00    0.00    0.00    0.00    0.00    0.00    0.00    6.93
02:57:18      86   93.07    0.00    0.00    0.00    0.00    0.00    0.00    0.00    0.00    6.93
02:57:18      87   93.94    0.00    0.00    0.00    0.00    0.00    0.00    0.00    0.00    6.06
02:57:18      88    0.00    0.00    0.00    0.00    0.00    0.00    0.00    0.00    0.00  100.00
02:57:18      89   93.00    0.00    0.00    0.00    0.00    0.00    0.00    0.00    0.00    7.00
02:57:18      90   93.00    0.00    0.00    0.00    0.00    0.00    0.00    0.00    0.00    7.00
02:57:18      91   92.08    0.00    0.99    0.00    0.00    0.00    0.00    0.00    0.00    6.93
02:57:18      92   92.08    0.00    0.99    0.00    0.00    0.00    0.00    0.00    0.00    6.93
02:57:18      93   92.08    0.00    0.99    0.00    0.00    0.00    0.00    0.00    0.00    6.93
02:57:18      94   93.07    0.00    0.00    0.00    0.00    0.00    0.00    0.00    0.00    6.93
02:57:18      95   94.00    0.00    0.00    0.00    0.00    0.00    0.00    0.00    0.00    6.00

02:57:18     CPU    %usr   %nice    %sys %iowait    %irq   %soft  %steal  %guest  %gnice   %idle
02:57:19     all   49.77    0.00    0.20    0.00    0.00    0.00    0.00    0.00    0.00   50.04
02:57:19       0  100.00    0.00    0.00    0.00    0.00    0.00    0.00    0.00    0.00    0.00
02:57:19       1    0.00    0.00    0.00    0.00    0.00    0.00    0.00    0.00    0.00  100.00
02:57:19       2    0.00    0.00    0.00    0.00    0.00    0.00    0.00    0.00    0.00  100.00
02:57:19       3    0.00    0.00    0.00    0.00    0.00    0.00    0.00    0.00    0.00  100.00
02:57:19       4    0.00    0.00    0.00    0.00    0.00    0.00    0.00    0.00    0.00  100.00
02:57:19       5    0.00    0.00    0.00    0.00    0.00    0.00    0.00    0.00    0.00  100.00
02:57:19       6    0.00    0.00    0.00    0.00    0.00    0.00    0.00    0.00    0.00  100.00
02:57:19       7   14.00    0.00    0.00    0.00    0.00    0.00    0.00    0.00    0.00   86.00
02:57:19       8   99.00    0.00    1.00    0.00    0.00    0.00    0.00    0.00    0.00    0.00
02:57:19       9   85.00    0.00    0.00    0.00    0.00    0.00    0.00    0.00    0.00   15.00
02:57:19      10   99.00    0.00    1.00    0.00    0.00    0.00    0.00    0.00    0.00    0.00
02:57:19      11    0.00    0.00    0.00    0.00    0.00    0.00    0.00    0.00    0.00  100.00
02:57:19      12    0.00    0.00    0.00    0.00    0.00    0.00    0.00    0.00    0.00  100.00
02:57:19      13   99.00    0.00    1.00    0.00    0.00    0.00    0.00    0.00    0.00    0.00
02:57:19      14  100.00    0.00    0.00    0.00    0.00    0.00    0.00    0.00    0.00    0.00
02:57:19      15    0.00    0.00    0.00    0.00    0.00    0.00    0.00    0.00    0.00  100.00
02:57:19      16  100.00    0.00    0.00    0.00    0.00    0.00    0.00    0.00    0.00    0.00
02:57:19      17   99.00    0.00    1.00    0.00    0.00    0.00    0.00    0.00    0.00    0.00
02:57:19      18   97.00    0.00    0.00    0.00    0.00    0.00    0.00    0.00    0.00    3.00
02:57:19      19   39.00    0.00    0.00    0.00    0.00    0.00    0.00    0.00    0.00   61.00
02:57:19      20    0.00    0.00    0.00    0.00    0.00    0.00    0.00    0.00    0.00  100.00
02:57:19      21    0.00    0.00    0.00    0.00    0.00    0.00    0.00    0.00    0.00  100.00
02:57:19      22    0.00    0.00    0.00    0.00    0.00    0.00    0.00    0.00    0.00  100.00
02:57:19      23    0.00    0.00    0.00    0.00    0.00    0.00    0.00    0.00    0.00  100.00
02:57:19      24   99.00    0.00    1.00    0.00    0.00    0.00    0.00    0.00    0.00    0.00
02:57:19      25    0.00    0.00    0.00    0.00    0.00    0.00    0.00    0.00    0.00  100.00
02:57:19      26    0.00    0.00    0.00    0.00    0.00    0.00    0.00    0.00    0.00  100.00
02:57:19      27    0.00    0.00    0.00    0.00    0.00    0.00    0.00    0.00    0.00  100.00
02:57:19      28    0.00    0.00    0.00    0.00    0.00    0.00    0.00    0.00    0.00  100.00
02:57:19      29    0.00    0.00    0.00    0.00    0.00    0.00    0.00    0.00    0.00  100.00
02:57:19      30    0.00    0.00    0.00    0.00    0.00    0.00    0.00    0.00    0.00  100.00
02:57:19      31  100.00    0.00    0.00    0.00    0.00    0.00    0.00    0.00    0.00    0.00
02:57:19      32    0.00    0.00    0.00    0.00    0.00    0.00    0.00    0.00    0.00  100.00
02:57:19      33    0.00    0.00    0.00    0.00    0.00    0.00    0.00    0.00    0.00  100.00
02:57:19      34    0.00    0.00    0.00    0.00    0.00    0.00    0.00    0.00    0.00  100.00
02:57:19      35    0.00    0.00    0.00    0.00    0.00    0.00    0.00    0.00    0.00  100.00
02:57:19      36    0.00    0.00    0.00    0.00    0.00    0.00    0.00    0.00    0.00  100.00
02:57:19      37    0.00    0.00    0.00    0.00    0.00    0.00    0.00    0.00    0.00  100.00
02:57:19      38    0.00    0.00    0.00    0.00    0.00    0.00    0.00    0.00    0.00  100.00
02:57:19      39    0.00    0.00    0.00    0.00    0.00    0.00    0.00    0.00    0.00  100.00
02:57:19      40  100.00    0.00    0.00    0.00    0.00    0.00    0.00    0.00    0.00    0.00
02:57:19      41    0.00    0.00    0.00    0.00    0.00    0.00    0.00    0.00    0.00  100.00
02:57:19      42    0.00    0.00    0.00    0.00    0.00    0.00    0.00    0.00    0.00  100.00
02:57:19      43    0.00    0.00    0.00    0.00    0.00    0.00    0.00    0.00    0.00  100.00
02:57:19      44    0.00    0.00    0.00    0.00    0.00    0.00    0.00    0.00    0.00  100.00
02:57:19      45    0.00    0.00    0.00    0.00    0.00    0.00    0.00    0.00    0.00  100.00
02:57:19      46    0.00    0.00    0.00    0.00    0.00    0.00    0.00    0.00    0.00  100.00
02:57:19      47    0.00    0.00    0.00    0.00    0.00    0.00    0.00    0.00    0.00  100.00
02:57:19      48    0.00    0.00    0.00    0.00    0.00    0.00    0.00    0.00    0.00  100.00
02:57:19      49  100.00    0.00    0.00    0.00    0.00    0.00    0.00    0.00    0.00    0.00
02:57:19      50  100.00    0.00    0.00    0.00    0.00    0.00    0.00    0.00    0.00    0.00
02:57:19      51   99.00    0.00    1.00    0.00    0.00    0.00    0.00    0.00    0.00    0.00
02:57:19      52  100.00    0.00    0.00    0.00    0.00    0.00    0.00    0.00    0.00    0.00
02:57:19      53  100.00    0.00    0.00    0.00    0.00    0.00    0.00    0.00    0.00    0.00
02:57:19      54  100.00    0.00    0.00    0.00    0.00    0.00    0.00    0.00    0.00    0.00
02:57:19      55   85.15    0.00    0.99    0.00    0.00    0.00    0.00    0.00    0.00   13.86
02:57:19      56    0.00    0.00    0.00    0.00    0.00    0.00    0.00    0.00    0.00  100.00
02:57:19      57   15.15    0.00    0.00    0.00    0.00    0.00    0.00    0.00    0.00   84.85
02:57:19      58    0.00    0.00    0.00    0.00    0.00    0.00    0.00    0.00    0.00  100.00
02:57:19      59   99.00    0.00    1.00    0.00    0.00    0.00    0.00    0.00    0.00    0.00
02:57:19      60  100.00    0.00    0.00    0.00    0.00    0.00    0.00    0.00    0.00    0.00
02:57:19      61    0.00    0.00    0.00    0.00    0.00    0.00    0.00    0.00    0.00  100.00
02:57:19      62    0.00    0.00    0.00    0.00    0.00    0.00    0.00    0.00    0.00  100.00
02:57:19      63  100.00    0.00    0.00    0.00    0.00    0.00    0.00    0.00    0.00    0.00
02:57:19      64    0.00    0.00    0.00    0.00    0.00    0.00    0.00    0.00    0.00  100.00
02:57:19      65    0.00    0.00    0.00    0.00    0.00    0.00    0.00    0.00    0.00  100.00
02:57:19      66    3.00    0.00    0.00    0.00    0.00    0.00    0.00    0.00    0.00   97.00
02:57:19      67   60.61    0.00    0.00    0.00    0.00    0.00    0.00    0.00    0.00   39.39
02:57:19      68   99.01    0.00    0.99    0.00    0.00    0.00    0.00    0.00    0.00    0.00
02:57:19      69  100.00    0.00    0.00    0.00    0.00    0.00    0.00    0.00    0.00    0.00
02:57:19      70  100.00    0.00    0.00    0.00    0.00    0.00    0.00    0.00    0.00    0.00
02:57:19      71   99.00    0.00    1.00    0.00    0.00    0.00    0.00    0.00    0.00    0.00
02:57:19      72    0.00    0.00    0.00    0.00    0.00    0.00    0.00    0.00    0.00  100.00
02:57:19      73  100.00    0.00    0.00    0.00    0.00    0.00    0.00    0.00    0.00    0.00
02:57:19      74   99.01    0.00    0.99    0.00    0.00    0.00    0.00    0.00    0.00    0.00
02:57:19      75   99.00    0.00    1.00    0.00    0.00    0.00    0.00    0.00    0.00    0.00
02:57:19      76   99.00    0.00    1.00    0.00    0.00    0.00    0.00    0.00    0.00    0.00
02:57:19      77   99.01    0.00    0.99    0.00    0.00    0.00    0.00    0.00    0.00    0.00
02:57:19      78   99.01    0.00    0.99    0.00    0.00    0.00    0.00    0.00    0.00    0.00
02:57:19      79    0.00    0.00    0.00    0.00    0.00    0.00    0.00    0.00    0.00  100.00
02:57:19      80  100.00    0.00    0.00    0.00    0.00    0.00    0.00    0.00    0.00    0.00
02:57:19      81  100.00    0.00    0.00    0.00    0.00    0.00    0.00    0.00    0.00    0.00
02:57:19      82  100.00    0.00    0.00    0.00    0.00    0.00    0.00    0.00    0.00    0.00
02:57:19      83   99.00    0.00    1.00    0.00    0.00    0.00    0.00    0.00    0.00    0.00
02:57:19      84  100.00    0.00    0.00    0.00    0.00    0.00    0.00    0.00    0.00    0.00
02:57:19      85  100.00    0.00    0.00    0.00    0.00    0.00    0.00    0.00    0.00    0.00
02:57:19      86   99.00    0.00    1.00    0.00    0.00    0.00    0.00    0.00    0.00    0.00
02:57:19      87  100.00    0.00    0.00    0.00    0.00    0.00    0.00    0.00    0.00    0.00
02:57:19      88    0.00    0.00    0.00    0.00    0.00    0.00    0.00    0.00    0.00  100.00
02:57:19      89  100.00    0.00    0.00    0.00    0.00    0.00    0.00    0.00    0.00    0.00
02:57:19      90   99.00    0.00    1.00    0.00    0.00    0.00    0.00    0.00    0.00    0.00
02:57:19      91  100.00    0.00    0.00    0.00    0.00    0.00    0.00    0.00    0.00    0.00
02:57:19      92  100.00    0.00    0.00    0.00    0.00    0.00    0.00    0.00    0.00    0.00
02:57:19      93  100.00    0.00    0.00    0.00    0.00    0.00    0.00    0.00    0.00    0.00
02:57:19      94   99.00    0.00    1.00    0.00    0.00    0.00    0.00    0.00    0.00    0.00
02:57:19      95  100.00    0.00    0.00    0.00    0.00    0.00    0.00    0.00    0.00    0.00

02:57:19     CPU    %usr   %nice    %sys %iowait    %irq   %soft  %steal  %guest  %gnice   %idle
02:57:20     all   49.91    0.00    0.09    0.00    0.00    0.00    0.00    0.00    0.00   49.99
02:57:20       0  100.00    0.00    0.00    0.00    0.00    0.00    0.00    0.00    0.00    0.00
02:57:20       1    0.00    0.00    0.00    0.00    0.00    0.00    0.00    0.00    0.00  100.00
02:57:20       2    0.00    0.00    0.00    0.00    0.00    0.00    0.00    0.00    0.00  100.00
02:57:20       3    0.00    0.00    0.00    0.00    0.00    0.00    0.00    0.00    0.00  100.00
02:57:20       4    0.00    0.00    0.00    0.00    0.00    0.00    0.00    0.00    0.00  100.00
02:57:20       5    0.00    0.00    0.00    0.00    0.00    0.00    0.00    0.00    0.00  100.00
02:57:20       6    0.00    0.00    0.00    0.00    0.00    0.00    0.00    0.00    0.00  100.00
02:57:20       7  100.00    0.00    0.00    0.00    0.00    0.00    0.00    0.00    0.00    0.00
02:57:20       8  100.00    0.00    0.00    0.00    0.00    0.00    0.00    0.00    0.00    0.00
02:57:20       9  100.00    0.00    0.00    0.00    0.00    0.00    0.00    0.00    0.00    0.00
02:57:20      10  100.00    0.00    0.00    0.00    0.00    0.00    0.00    0.00    0.00    0.00
02:57:20      11    0.00    0.00    0.00    0.00    0.00    0.00    0.00    0.00    0.00  100.00
02:57:20      12    0.00    0.00    0.00    0.00    0.00    0.00    0.00    0.00    0.00  100.00
02:57:20      13  100.00    0.00    0.00    0.00    0.00    0.00    0.00    0.00    0.00    0.00
02:57:20      14   99.01    0.00    0.99    0.00    0.00    0.00    0.00    0.00    0.00    0.00
02:57:20      15    0.00    0.00    0.00    0.00    0.00    0.00    0.00    0.00    0.00  100.00
02:57:20      16  100.00    0.00    0.00    0.00    0.00    0.00    0.00    0.00    0.00    0.00
02:57:20      17  100.00    0.00    0.00    0.00    0.00    0.00    0.00    0.00    0.00    0.00
02:57:20      18   99.00    0.00    1.00    0.00    0.00    0.00    0.00    0.00    0.00    0.00
02:57:20      19  100.00    0.00    0.00    0.00    0.00    0.00    0.00    0.00    0.00    0.00
02:57:20      20   75.76    0.00    0.00    0.00    0.00    0.00    0.00    0.00    0.00   24.24
02:57:20      21    0.00    0.00    0.00    0.00    0.00    0.00    0.00    0.00    0.00  100.00
02:57:20      22    0.00    0.00    0.00    0.00    0.00    0.00    0.00    0.00    0.00  100.00
02:57:20      23    0.00    0.00    0.00    0.00    0.00    0.00    0.00    0.00    0.00  100.00
02:57:20      24  100.00    0.00    0.00    0.00    0.00    0.00    0.00    0.00    0.00    0.00
02:57:20      25    0.00    0.00    0.00    0.00    0.00    0.00    0.00    0.00    0.00  100.00
02:57:20      26    0.00    0.00    0.00    0.00    0.00    0.00    0.00    0.00    0.00  100.00
02:57:20      27    0.00    0.00    0.00    0.00    0.00    0.00    0.00    0.00    0.00  100.00
02:57:20      28    0.00    0.00    0.00    0.00    0.00    0.00    0.00    0.00    0.00  100.00
02:57:20      29    0.00    0.00    0.00    0.00    0.00    0.00    0.00    0.00    0.00  100.00
02:57:20      30    0.00    0.00    0.00    0.00    0.00    0.00    0.00    0.00    0.00  100.00
02:57:20      31  100.00    0.00    0.00    0.00    0.00    0.00    0.00    0.00    0.00    0.00
02:57:20      32    0.00    0.00    0.00    0.00    0.00    0.00    0.00    0.00    0.00  100.00
02:57:20      33    0.00    0.00    0.00    0.00    0.00    0.00    0.00    0.00    0.00  100.00
02:57:20      34    0.00    0.00    0.00    0.00    0.00    0.00    0.00    0.00    0.00  100.00
02:57:20      35    0.00    0.00    0.00    0.00    0.00    0.00    0.00    0.00    0.00  100.00
02:57:20      36    0.00    0.00    0.00    0.00    0.00    0.00    0.00    0.00    0.00  100.00
02:57:20      37    0.00    0.00    0.00    0.00    0.00    0.00    0.00    0.00    0.00  100.00
02:57:20      38    0.00    0.00    0.00    0.00    0.00    0.00    0.00    0.00    0.00  100.00
02:57:20      39    0.00    0.00    0.00    0.00    0.00    0.00    0.00    0.00    0.00  100.00
02:57:20      40  100.00    0.00    0.00    0.00    0.00    0.00    0.00    0.00    0.00    0.00
02:57:20      41    0.00    0.00    0.00    0.00    0.00    0.00    0.00    0.00    0.00  100.00
02:57:20      42    0.00    0.00    0.00    0.00    0.00    0.00    0.00    0.00    0.00  100.00
02:57:20      43    0.00    0.00    0.00    0.00    0.00    0.00    0.00    0.00    0.00  100.00
02:57:20      44    0.00    0.00    0.00    0.00    0.00    0.00    0.00    0.00    0.00  100.00
02:57:20      45    0.00    0.00    0.00    0.00    0.00    0.00    0.00    0.00    0.00  100.00
02:57:20      46    0.00    0.00    0.00    0.00    0.00    0.00    0.00    0.00    0.00  100.00
02:57:20      47    0.00    0.00    0.00    0.00    0.00    0.00    0.00    0.00    0.00  100.00
02:57:20      48    0.00    0.00    0.00    0.00    0.00    0.00    0.00    0.00    0.00  100.00
02:57:20      49  100.00    0.00    0.00    0.00    0.00    0.00    0.00    0.00    0.00    0.00
02:57:20      50   99.00    0.00    1.00    0.00    0.00    0.00    0.00    0.00    0.00    0.00
02:57:20      51  100.00    0.00    0.00    0.00    0.00    0.00    0.00    0.00    0.00    0.00
02:57:20      52  100.00    0.00    0.00    0.00    0.00    0.00    0.00    0.00    0.00    0.00
02:57:20      53  100.00    0.00    0.00    0.00    0.00    0.00    0.00    0.00    0.00    0.00
02:57:20      54   99.01    0.00    0.99    0.00    0.00    0.00    0.00    0.00    0.00    0.00
02:57:20      55    0.00    0.00    0.00    0.00    0.00    0.00    0.00    0.00    0.00  100.00
02:57:20      56    0.00    0.00    0.00    0.00    0.00    0.00    0.00    0.00    0.00  100.00
02:57:20      57    0.00    0.00    0.00    0.00    0.00    0.00    0.00    0.00    0.00  100.00
02:57:20      58    0.00    0.00    0.00    0.00    0.00    0.00    0.00    0.00    0.00  100.00
02:57:20      59  100.00    0.00    0.00    0.00    0.00    0.00    0.00    0.00    0.00    0.00
02:57:20      60  100.00    0.00    0.00    0.00    0.00    0.00    0.00    0.00    0.00    0.00
02:57:20      61    0.00    0.00    0.00    0.00    0.00    0.00    0.00    0.00    0.00  100.00
02:57:20      62    0.00    0.00    0.99    0.00    0.00    0.00    0.00    0.00    0.00   99.01
02:57:20      63  100.00    0.00    0.00    0.00    0.00    0.00    0.00    0.00    0.00    0.00
02:57:20      64    0.00    0.00    0.00    0.00    0.00    0.00    0.00    0.00    0.00  100.00
02:57:20      65    0.00    0.00    0.00    0.00    0.00    0.00    0.00    0.00    0.00  100.00
02:57:20      66    0.00    0.00    0.00    0.00    0.00    0.00    0.00    0.00    0.00  100.00
02:57:20      67    0.00    0.00    0.00    0.00    0.00    0.00    0.00    0.00    0.00  100.00
02:57:20      68   24.24    0.00    0.00    0.00    0.00    0.00    0.00    0.00    0.00   75.76
02:57:20      69  100.00    0.00    0.00    0.00    0.00    0.00    0.00    0.00    0.00    0.00
02:57:20      70  100.00    0.00    0.00    0.00    0.00    0.00    0.00    0.00    0.00    0.00
02:57:20      71  100.00    0.00    0.00    0.00    0.00    0.00    0.00    0.00    0.00    0.00
02:57:20      72    0.00    0.00    0.00    0.00    0.00    0.00    0.00    0.00    0.00  100.00
02:57:20      73  100.00    0.00    0.00    0.00    0.00    0.00    0.00    0.00    0.00    0.00
02:57:20      74  100.00    0.00    0.00    0.00    0.00    0.00    0.00    0.00    0.00    0.00
02:57:20      75  100.00    0.00    0.00    0.00    0.00    0.00    0.00    0.00    0.00    0.00
02:57:20      76  100.00    0.00    0.00    0.00    0.00    0.00    0.00    0.00    0.00    0.00
02:57:20      77  100.00    0.00    0.00    0.00    0.00    0.00    0.00    0.00    0.00    0.00
02:57:20      78  100.00    0.00    0.00    0.00    0.00    0.00    0.00    0.00    0.00    0.00
02:57:20      79    0.00    0.00    0.00    0.00    0.00    0.00    0.00    0.00    0.00  100.00
02:57:20      80  100.00    0.00    0.00    0.00    0.00    0.00    0.00    0.00    0.00    0.00
02:57:20      81  100.00    0.00    0.00    0.00    0.00    0.00    0.00    0.00    0.00    0.00
02:57:20      82   99.01    0.00    0.99    0.00    0.00    0.00    0.00    0.00    0.00    0.00
02:57:20      83  100.00    0.00    0.00    0.00    0.00    0.00    0.00    0.00    0.00    0.00
02:57:20      84   99.00    0.00    1.00    0.00    0.00    0.00    0.00    0.00    0.00    0.00
02:57:20      85  100.00    0.00    0.00    0.00    0.00    0.00    0.00    0.00    0.00    0.00
02:57:20      86  100.00    0.00    0.00    0.00    0.00    0.00    0.00    0.00    0.00    0.00
02:57:20      87  100.00    0.00    0.00    0.00    0.00    0.00    0.00    0.00    0.00    0.00
02:57:20      88    0.00    0.00    0.00    0.00    0.00    0.00    0.00    0.00    0.00  100.00
02:57:20      89  100.00    0.00    0.00    0.00    0.00    0.00    0.00    0.00    0.00    0.00
02:57:20      90  100.00    0.00    0.00    0.00    0.00    0.00    0.00    0.00    0.00    0.00
02:57:20      91   99.01    0.00    0.99    0.00    0.00    0.00    0.00    0.00    0.00    0.00
02:57:20      92  100.00    0.00    0.00    0.00    0.00    0.00    0.00    0.00    0.00    0.00
02:57:20      93   99.01    0.00    0.99    0.00    0.00    0.00    0.00    0.00    0.00    0.00
02:57:20      94  100.00    0.00    0.00    0.00    0.00    0.00    0.00    0.00    0.00    0.00
02:57:20      95  100.00    0.00    0.00    0.00    0.00    0.00    0.00    0.00    0.00    0.00

02:57:20     CPU    %usr   %nice    %sys %iowait    %irq   %soft  %steal  %guest  %gnice   %idle
02:57:21     all   37.78    0.00    0.36    0.00    0.00    0.00    0.00    0.00    0.00   61.85
02:57:21       0   74.26    0.00    0.99    0.00    0.00    0.00    0.00    0.00    0.00   24.75
02:57:21       1    0.00    0.00    0.00    0.00    0.00    0.00    0.00    0.00    0.00  100.00
02:57:21       2    0.00    0.00    0.00    0.00    0.00    0.00    0.00    0.00    0.00  100.00
02:57:21       3    0.00    0.00    0.00    0.00    0.00    0.00    0.00    0.00    0.00  100.00
02:57:21       4    0.00    0.00    0.00    0.00    0.00    0.00    0.00    0.00    0.00  100.00
02:57:21       5    0.00    0.00    0.00    0.00    0.00    0.00    0.00    0.00    0.00  100.00
02:57:21       6    0.00    0.00    0.00    0.00    0.00    0.00    0.00    0.00    0.00  100.00
02:57:21       7   75.76    0.00    0.00    0.00    0.00    0.00    0.00    0.00    0.00   24.24
02:57:21       8   76.00    0.00    0.00    0.00    0.00    0.00    0.00    0.00    0.00   24.00
02:57:21       9   75.25    0.00    0.99    0.00    0.00    0.00    0.00    0.00    0.00   23.76
02:57:21      10   76.00    0.00    0.00    0.00    0.00    0.00    0.00    0.00    0.00   24.00
02:57:21      11    0.00    0.00    0.00    0.00    0.00    0.00    0.00    0.00    0.00  100.00
02:57:21      12    0.00    0.00    0.00    0.00    0.00    0.00    0.00    0.00    0.00  100.00
02:57:21      13   75.25    0.00    0.00    0.00    0.00    0.00    0.00    0.00    0.00   24.75
02:57:21      14   76.00    0.00    0.00    0.00    0.00    0.00    0.00    0.00    0.00   24.00
02:57:21      15    0.00    0.00    0.00    0.00    0.00    0.00    0.00    0.00    0.00  100.00
02:57:21      16   76.00    0.00    0.00    0.00    0.00    0.00    0.00    0.00    0.00   24.00
02:57:21      17   80.20    0.00   17.82    0.00    0.00    0.00    0.00    0.00    0.00    1.98
02:57:21      18   76.00    0.00    0.00    0.00    0.00    0.00    0.00    0.00    0.00   24.00
02:57:21      19   75.76    0.00    0.00    0.00    0.00    0.00    0.00    0.00    0.00   24.24
02:57:21      20   75.00    0.00    0.00    0.00    0.00    0.00    0.00    0.00    0.00   25.00
02:57:21      21    0.00    0.00    0.00    0.00    0.00    0.00    0.00    0.00    0.00  100.00
02:57:21      22    0.00    0.00    0.00    0.00    0.00    0.00    0.00    0.00    0.00  100.00
02:57:21      23    0.00    0.00    0.00    0.00    0.00    0.00    0.00    0.00    0.00  100.00
02:57:21      24   76.00    0.00    0.00    0.00    0.00    0.00    0.00    0.00    0.00   24.00
02:57:21      25    0.00    0.00    0.00    0.00    0.00    0.00    0.00    0.00    0.00  100.00
02:57:21      26    0.00    0.00    0.00    0.00    0.00    0.00    0.00    0.00    0.00  100.00
02:57:21      27    0.00    0.00    0.00    0.00    0.00    0.00    0.00    0.00    0.00  100.00
02:57:21      28    0.00    0.00    0.00    0.00    0.00    0.00    0.00    0.00    0.00  100.00
02:57:21      29    0.00    0.00    0.00    0.00    0.00    0.00    0.00    0.00    0.00  100.00
02:57:21      30    0.00    0.00    0.00    0.00    0.00    0.00    0.00    0.00    0.00  100.00
02:57:21      31   75.00    0.00    1.00    0.00    0.00    0.00    0.00    0.00    0.00   24.00
02:57:21      32    0.00    0.00    0.00    0.00    0.00    0.00    0.00    0.00    0.00  100.00
02:57:21      33    0.00    0.00    0.00    0.00    0.00    0.00    0.00    0.00    0.00  100.00
02:57:21      34    0.00    0.00    0.00    0.00    0.00    0.00    0.00    0.00    0.00  100.00
02:57:21      35    0.00    0.00    0.00    0.00    0.00    0.00    0.00    0.00    0.00  100.00
02:57:21      36    0.00    0.00    0.00    0.00    0.00    0.00    0.00    0.00    0.00  100.00
02:57:21      37    0.00    0.00    0.00    0.00    0.00    0.00    0.00    0.00    0.00  100.00
02:57:21      38    0.00    0.00    0.00    0.00    0.00    0.00    0.00    0.00    0.00  100.00
02:57:21      39    0.00    0.00    0.00    0.00    0.00    0.00    0.00    0.00    0.00  100.00
02:57:21      40   75.00    0.00    1.00    0.00    0.00    0.00    0.00    0.00    0.00   24.00
02:57:21      41    0.00    0.00    0.00    0.00    0.00    0.00    0.00    0.00    0.00  100.00
02:57:21      42    0.00    0.00    0.00    0.00    0.00    0.00    0.00    0.00    0.00  100.00
02:57:21      43    0.00    0.00    0.00    0.00    0.00    0.00    0.00    0.00    0.00  100.00
02:57:21      44   13.00    0.00    0.00    0.00    0.00    0.00    0.00    0.00    0.00   87.00
02:57:21      45    0.00    0.00    0.00    0.00    0.00    0.00    0.00    0.00    0.00  100.00
02:57:21      46    0.00    0.00    0.00    0.00    0.00    0.00    0.00    0.00    0.00  100.00
02:57:21      47    0.00    0.00    0.00    0.00    0.00    0.00    0.00    0.00    0.00  100.00
02:57:21      48    0.00    0.00    0.00    0.00    0.00    0.00    0.00    0.00    0.00  100.00
02:57:21      49   76.00    0.00    0.00    0.00    0.00    0.00    0.00    0.00    0.00   24.00
02:57:21      50   75.25    0.00    0.00    0.00    0.00    0.00    0.00    0.00    0.00   24.75
02:57:21      51   75.76    0.00    0.00    0.00    0.00    0.00    0.00    0.00    0.00   24.24
02:57:21      52   75.00    0.00    1.00    0.00    0.00    0.00    0.00    0.00    0.00   24.00
02:57:21      53   75.25    0.00    0.99    0.00    0.00    0.00    0.00    0.00    0.00   23.76
02:57:21      54   75.76    0.00    0.00    0.00    0.00    0.00    0.00    0.00    0.00   24.24
02:57:21      55    0.00    0.00    0.00    0.00    0.00    0.00    0.00    0.00    0.00  100.00
02:57:21      56    0.00    0.00    0.00    0.00    0.00    0.00    0.00    0.00    0.00  100.00
02:57:21      57    0.00    0.00    0.00    0.00    0.00    0.00    0.00    0.00    0.00  100.00
02:57:21      58    0.00    0.00    0.00    0.00    0.00    0.00    0.00    0.00    0.00  100.00
02:57:21      59   75.25    0.00    0.00    0.00    0.00    0.00    0.00    0.00    0.00   24.75
02:57:21      60   75.00    0.00    1.00    0.00    0.00    0.00    0.00    0.00    0.00   24.00
02:57:21      61    0.00    0.00    0.00    0.00    0.00    0.00    0.00    0.00    0.00  100.00
02:57:21      62    0.99    0.00    0.00    0.00    0.00    0.00    0.00    0.00    0.00   99.01
02:57:21      63   75.00    0.00    1.00    0.00    0.00    0.00    0.00    0.00    0.00   24.00
02:57:21      64    0.00    0.00    0.00    0.00    0.00    0.00    0.00    0.00    0.00  100.00
02:57:21      65    0.00    0.00    0.00    0.00    0.00    0.00    0.00    0.00    0.00  100.00
02:57:21      66    0.00    0.00    0.00    0.00    0.00    0.00    0.00    0.00    0.00  100.00
02:57:21      67    0.00    0.00    0.00    0.00    0.00    0.00    0.00    0.00    0.00  100.00
02:57:21      68    0.00    0.00    0.00    0.00    0.00    0.00    0.00    0.00    0.00  100.00
02:57:21      69   75.25    0.00    0.99    0.00    0.00    0.00    0.00    0.00    0.00   23.76
02:57:21      70   74.26    0.00    0.99    0.00    0.00    0.00    0.00    0.00    0.00   24.75
02:57:21      71   75.76    0.00    0.00    0.00    0.00    0.00    0.00    0.00    0.00   24.24
02:57:21      72    0.00    0.00    0.00    0.00    0.00    0.00    0.00    0.00    0.00  100.00
02:57:21      73   75.00    0.00    1.00    0.00    0.00    0.00    0.00    0.00    0.00   24.00
02:57:21      74   75.76    0.00    0.00    0.00    0.00    0.00    0.00    0.00    0.00   24.24
02:57:21      75   75.76    0.00    0.00    0.00    0.00    0.00    0.00    0.00    0.00   24.24
02:57:21      76   76.00    0.00    0.00    0.00    0.00    0.00    0.00    0.00    0.00   24.00
02:57:21      77   75.00    0.00    0.00    0.00    0.00    0.00    0.00    0.00    0.00   25.00
02:57:21      78   76.00    0.00    0.00    0.00    0.00    0.00    0.00    0.00    0.00   24.00
02:57:21      79    0.00    0.00    0.00    0.00    0.00    0.00    0.00    0.00    0.00  100.00
02:57:21      80   74.51    0.00    0.98    0.00    0.00    0.00    0.00    0.00    0.00   24.51
02:57:21      81   75.25    0.00    0.99    0.00    0.00    0.00    0.00    0.00    0.00   23.76
02:57:21      82   75.76    0.00    0.00    0.00    0.00    0.00    0.00    0.00    0.00   24.24
02:57:21      83   76.00    0.00    0.00    0.00    0.00    0.00    0.00    0.00    0.00   24.00
02:57:21      84   75.25    0.00    0.00    0.00    0.00    0.00    0.00    0.00    0.00   24.75
02:57:21      85   75.00    0.00    1.00    0.00    0.00    0.00    0.00    0.00    0.00   24.00
02:57:21      86   75.76    0.00    0.00    0.00    0.00    0.00    0.00    0.00    0.00   24.24
02:57:21      87   74.26    0.00    0.99    0.00    0.00    0.00    0.00    0.00    0.00   24.75
02:57:21      88    0.00    0.00    0.00    0.00    0.00    0.00    0.00    0.00    0.00  100.00
02:57:21      89   75.00    0.00    1.00    0.00    0.00    0.00    0.00    0.00    0.00   24.00
02:57:21      90   75.76    0.00    0.00    0.00    0.00    0.00    0.00    0.00    0.00   24.24
02:57:21      91   75.76    0.00    0.00    0.00    0.00    0.00    0.00    0.00    0.00   24.24
02:57:21      92   63.00    0.00    0.00    0.00    0.00    0.00    0.00    0.00    0.00   37.00
02:57:21      93   75.76    0.00    0.00    0.00    0.00    0.00    0.00    0.00    0.00   24.24
02:57:21      94   76.00    0.00    0.00    0.00    0.00    0.00    0.00    0.00    0.00   24.00
02:57:21      95   74.26    0.00    0.99    0.00    0.00    0.00    0.00    0.00    0.00   24.75

02:57:21     CPU    %usr   %nice    %sys %iowait    %irq   %soft  %steal  %guest  %gnice   %idle
02:57:22     all    0.01    0.00    0.00    0.00    0.00    0.00    0.00    0.00    0.00   99.99
02:57:22       0    0.00    0.00    0.00    0.00    0.00    0.00    0.00    0.00    0.00  100.00
02:57:22       1    0.00    0.00    0.00    0.00    0.00    0.00    0.00    0.00    0.00  100.00
02:57:22       2    0.00    0.00    0.00    0.00    0.00    0.00    0.00    0.00    0.00  100.00
02:57:22       3    0.00    0.00    0.00    0.00    0.00    0.00    0.00    0.00    0.00  100.00
02:57:22       4    0.00    0.00    0.00    0.00    0.00    0.00    0.00    0.00    0.00  100.00
02:57:22       5    0.00    0.00    0.00    0.00    0.00    0.00    0.00    0.00    0.00  100.00
02:57:22       6    0.00    0.00    0.00    0.00    0.00    0.00    0.00    0.00    0.00  100.00
02:57:22       7    0.00    0.00    0.00    0.00    0.00    0.00    0.00    0.00    0.00  100.00
02:57:22       8    0.00    0.00    0.00    0.00    0.00    0.00    0.00    0.00    0.00  100.00
02:57:22       9    0.00    0.00    0.00    0.00    0.00    0.00    0.00    0.00    0.00  100.00
02:57:22      10    0.00    0.00    0.00    0.00    0.00    0.00    0.00    0.00    0.00  100.00
02:57:22      11    0.00    0.00    0.00    0.00    0.00    0.00    0.00    0.00    0.00  100.00
02:57:22      12    0.00    0.00    0.00    0.00    0.00    0.00    0.00    0.00    0.00  100.00
02:57:22      13    0.00    0.00    0.00    0.00    0.00    0.00    0.00    0.00    0.00  100.00
02:57:22      14    0.00    0.00    0.00    0.00    0.00    0.00    0.00    0.00    0.00  100.00
02:57:22      15    0.00    0.00    0.00    0.00    0.00    0.00    0.00    0.00    0.00  100.00
02:57:22      16    0.00    0.00    0.00    0.00    0.00    0.00    0.00    0.00    0.00  100.00
02:57:22      17    0.00    0.00    0.00    0.00    0.00    0.00    0.00    0.00    0.00  100.00
02:57:22      18    0.00    0.00    0.00    0.00    0.00    0.00    0.00    0.00    0.00  100.00
02:57:22      19    0.00    0.00    0.00    0.00    0.00    0.00    0.00    0.00    0.00  100.00
02:57:22      20    0.00    0.00    0.00    0.00    0.00    0.00    0.00    0.00    0.00  100.00
02:57:22      21    0.00    0.00    0.00    0.00    0.00    0.00    0.00    0.00    0.00  100.00
02:57:22      22    0.00    0.00    0.00    0.00    0.00    0.00    0.00    0.00    0.00  100.00
02:57:22      23    0.00    0.00    0.00    0.00    0.00    0.00    0.00    0.00    0.00  100.00
02:57:22      24    0.00    0.00    0.00    0.00    0.00    0.00    0.00    0.00    0.00  100.00
02:57:22      25    0.00    0.00    0.00    0.00    0.00    0.00    0.00    0.00    0.00  100.00
02:57:22      26    0.00    0.00    0.00    0.00    0.00    0.00    0.00    0.00    0.00  100.00
02:57:22      27    0.00    0.00    0.00    0.00    0.00    0.00    0.00    0.00    0.00  100.00
02:57:22      28    0.00    0.00    0.00    0.00    0.00    0.00    0.00    0.00    0.00  100.00
02:57:22      29    0.00    0.00    0.00    0.00    0.00    0.00    0.00    0.00    0.00  100.00
02:57:22      30    0.00    0.00    0.00    0.00    0.00    0.00    0.00    0.00    0.00  100.00
02:57:22      31    0.00    0.00    0.00    0.00    0.00    0.00    0.00    0.00    0.00  100.00
02:57:22      32    0.00    0.00    0.00    0.00    0.00    0.00    0.00    0.00    0.00  100.00
02:57:22      33    0.00    0.00    0.00    0.00    0.00    0.00    0.00    0.00    0.00  100.00
02:57:22      34    0.00    0.00    0.00    0.00    0.00    0.00    0.00    0.00    0.00  100.00
02:57:22      35    0.00    0.00    0.00    0.00    0.00    0.00    0.00    0.00    0.00  100.00
02:57:22      36    0.00    0.00    0.00    0.00    0.00    0.00    0.00    0.00    0.00  100.00
02:57:22      37    0.00    0.00    0.00    0.00    0.00    0.00    0.00    0.00    0.00  100.00
02:57:22      38    0.00    0.00    0.00    0.00    0.00    0.00    0.00    0.00    0.00  100.00
02:57:22      39    0.00    0.00    0.00    0.00    0.00    0.00    0.00    0.00    0.00  100.00
02:57:22      40    0.00    0.00    0.00    0.00    0.00    0.00    0.00    0.00    0.00  100.00
02:57:22      41    0.00    0.00    0.00    0.00    0.00    0.00    0.00    0.00    0.00  100.00
02:57:22      42    0.00    0.00    0.00    0.00    0.00    0.00    0.00    0.00    0.00  100.00
02:57:22      43    0.00    0.00    0.00    0.00    0.00    0.00    0.00    0.00    0.00  100.00
02:57:22      44    0.00    0.00    0.00    0.00    0.00    0.00    0.00    0.00    0.00  100.00
02:57:22      45    0.00    0.00    0.00    0.00    0.00    0.00    0.00    0.00    0.00  100.00
02:57:22      46    0.00    0.00    0.00    0.00    0.00    0.00    0.00    0.00    0.00  100.00
02:57:22      47    0.00    0.00    0.00    0.00    0.00    0.00    0.00    0.00    0.00  100.00
02:57:22      48    0.00    0.00    0.00    0.00    0.00    0.00    0.00    0.00    0.00  100.00
02:57:22      49    0.00    0.00    0.00    0.00    0.00    0.00    0.00    0.00    0.00  100.00
02:57:22      50    0.00    0.00    0.00    0.00    0.00    0.00    0.00    0.00    0.00  100.00
02:57:22      51    0.00    0.00    0.00    0.00    0.00    0.00    0.00    0.00    0.00  100.00
02:57:22      52    0.00    0.00    0.00    0.00    0.00    0.00    0.00    0.00    0.00  100.00
02:57:22      53    0.00    0.00    0.00    0.00    0.00    0.00    0.00    0.00    0.00  100.00
02:57:22      54    0.00    0.00    0.00    0.00    0.00    0.00    0.00    0.00    0.00  100.00
02:57:22      55    0.00    0.00    0.00    0.00    0.00    0.00    0.00    0.00    0.00  100.00
02:57:22      56    0.00    0.00    0.00    0.00    0.00    0.00    0.00    0.00    0.00  100.00
02:57:22      57    0.00    0.00    0.00    0.00    0.00    0.00    0.00    0.00    0.00  100.00
02:57:22      58    0.00    0.00    0.00    0.00    0.00    0.00    0.00    0.00    0.00  100.00
02:57:22      59    0.00    0.00    0.00    0.00    0.00    0.00    0.00    0.00    0.00  100.00
02:57:22      60    0.00    0.00    0.00    0.00    0.00    0.00    0.00    0.00    0.00  100.00
02:57:22      61    0.00    0.00    0.00    0.00    0.00    0.00    0.00    0.00    0.00  100.00
02:57:22      62    0.00    0.00    0.00    0.00    0.00    0.00    0.00    0.00    0.00  100.00
02:57:22      63    0.00    0.00    0.00    0.00    0.00    0.00    0.00    0.00    0.00  100.00
02:57:22      64    0.00    0.00    0.00    0.00    0.00    0.00    0.00    0.00    0.00  100.00
02:57:22      65    0.99    0.00    0.00    0.00    0.00    0.00    0.00    0.00    0.00   99.01
02:57:22      66    0.00    0.00    0.00    0.00    0.00    0.00    0.00    0.00    0.00  100.00
02:57:22      67    0.00    0.00    0.00    0.00    0.00    0.00    0.00    0.00    0.00  100.00
02:57:22      68    0.00    0.00    0.00    0.00    0.00    0.00    0.00    0.00    0.00  100.00
02:57:22      69    0.00    0.00    0.00    0.00    0.00    0.00    0.00    0.00    0.00  100.00
02:57:22      70    0.00    0.00    0.00    0.00    0.00    0.00    0.00    0.00    0.00  100.00
02:57:22      71    0.00    0.00    0.00    0.00    0.00    0.00    0.00    0.00    0.00  100.00
02:57:22      72    0.00    0.00    0.00    0.00    0.00    0.00    0.00    0.00    0.00  100.00
02:57:22      73    0.00    0.00    0.00    0.00    0.00    0.00    0.00    0.00    0.00  100.00
02:57:22      74    0.00    0.00    0.00    0.00    0.00    0.00    0.00    0.00    0.00  100.00
02:57:22      75    0.00    0.00    0.00    0.00    0.00    0.00    0.00    0.00    0.00  100.00
02:57:22      76    0.00    0.00    0.00    0.00    0.00    0.00    0.00    0.00    0.00  100.00
02:57:22      77    0.00    0.00    0.00    0.00    0.00    0.00    0.00    0.00    0.00  100.00
02:57:22      78    0.00    0.00    0.00    0.00    0.00    0.00    0.00    0.00    0.00  100.00
02:57:22      79    0.00    0.00    0.00    0.00    0.00    0.00    0.00    0.00    0.00  100.00
02:57:22      80    0.00    0.00    0.00    0.00    0.00    0.00    0.00    0.00    0.00  100.00
02:57:22      81    0.00    0.00    0.00    0.00    0.00    0.00    0.00    0.00    0.00  100.00
02:57:22      82    0.00    0.00    0.00    0.00    0.00    0.00    0.00    0.00    0.00  100.00
02:57:22      83    0.00    0.00    0.00    0.00    0.00    0.00    0.00    0.00    0.00  100.00
02:57:22      84    0.00    0.00    0.00    0.00    0.00    0.00    0.00    0.00    0.00  100.00
02:57:22      85    0.00    0.00    0.00    0.00    0.00    0.00    0.00    0.00    0.00  100.00
02:57:22      86    0.00    0.00    0.00    0.00    0.00    0.00    0.00    0.00    0.00  100.00
02:57:22      87    0.00    0.00    0.00    0.00    0.00    0.00    0.00    0.00    0.00  100.00
02:57:22      88    0.00    0.00    0.00    0.00    0.00    0.00    0.00    0.00    0.00  100.00
02:57:22      89    0.00    0.00    0.00    0.00    0.00    0.00    0.00    0.00    0.00  100.00
02:57:22      90    0.00    0.00    0.00    0.00    0.00    0.00    0.00    0.00    0.00  100.00
02:57:22      91    0.00    0.00    0.00    0.00    0.00    0.00    0.00    0.00    0.00  100.00
02:57:22      92    0.00    0.00    0.00    0.00    0.00    0.00    0.00    0.00    0.00  100.00
02:57:22      93    0.00    0.00    0.00    0.00    0.00    0.00    0.00    0.00    0.00  100.00
02:57:22      94    0.00    0.00    0.00    0.00    0.00    0.00    0.00    0.00    0.00  100.00
02:57:22      95    0.00    0.00    0.00    0.00    0.00    0.00    0.00    0.00    0.00  100.00

02:57:22     CPU    %usr   %nice    %sys %iowait    %irq   %soft  %steal  %guest  %gnice   %idle
02:57:23     all    0.00    0.00    0.00    0.00    0.00    0.00    0.00    0.00    0.00  100.00
02:57:23       0    0.00    0.00    0.00    0.00    0.00    0.00    0.00    0.00    0.00  100.00
02:57:23       1    0.00    0.00    0.00    0.00    0.00    0.00    0.00    0.00    0.00  100.00
02:57:23       2    0.00    0.00    0.00    0.00    0.00    0.00    0.00    0.00    0.00  100.00
02:57:23       3    0.00    0.00    0.00    0.00    0.00    0.00    0.00    0.00    0.00  100.00
02:57:23       4    0.00    0.00    0.00    0.00    0.00    0.00    0.00    0.00    0.00  100.00
02:57:23       5    0.00    0.00    0.00    0.00    0.00    0.00    0.00    0.00    0.00  100.00
02:57:23       6    0.00    0.00    0.00    0.00    0.00    0.00    0.00    0.00    0.00  100.00
02:57:23       7    0.00    0.00    0.00    0.00    0.00    0.00    0.00    0.00    0.00  100.00
02:57:23       8    0.00    0.00    0.00    0.00    0.00    0.00    0.00    0.00    0.00  100.00
02:57:23       9    0.00    0.00    0.00    0.00    0.00    0.00    0.00    0.00    0.00  100.00
02:57:23      10    0.00    0.00    0.00    0.00    0.00    0.00    0.00    0.00    0.00  100.00
02:57:23      11    0.00    0.00    0.00    0.00    0.00    0.00    0.00    0.00    0.00  100.00
02:57:23      12    0.00    0.00    0.00    0.00    0.00    0.00    0.00    0.00    0.00  100.00
02:57:23      13    0.00    0.00    0.00    0.00    0.00    0.00    0.00    0.00    0.00  100.00
02:57:23      14    0.00    0.00    0.00    0.00    0.00    0.00    0.00    0.00    0.00  100.00
02:57:23      15    0.00    0.00    0.00    0.00    0.00    0.00    0.00    0.00    0.00  100.00
02:57:23      16    0.00    0.00    0.00    0.00    0.00    0.00    0.00    0.00    0.00  100.00
02:57:23      17    0.00    0.00    0.00    0.00    0.00    0.00    0.00    0.00    0.00  100.00
02:57:23      18    0.00    0.00    0.00    0.00    0.00    0.00    0.00    0.00    0.00  100.00
02:57:23      19    0.00    0.00    0.00    0.00    0.00    0.00    0.00    0.00    0.00  100.00
02:57:23      20    0.00    0.00    0.00    0.00    0.00    0.00    0.00    0.00    0.00  100.00
02:57:23      21    0.00    0.00    0.00    0.00    0.00    0.00    0.00    0.00    0.00  100.00
02:57:23      22    0.00    0.00    0.00    0.00    0.00    0.00    0.00    0.00    0.00  100.00
02:57:23      23    0.00    0.00    0.00    0.00    0.00    0.00    0.00    0.00    0.00  100.00
02:57:23      24    0.00    0.00    0.00    0.00    0.00    0.00    0.00    0.00    0.00  100.00
02:57:23      25    0.00    0.00    0.00    0.00    0.00    0.00    0.00    0.00    0.00  100.00
02:57:23      26    0.00    0.00    0.00    0.00    0.00    0.00    0.00    0.00    0.00  100.00
02:57:23      27    0.00    0.00    0.00    0.00    0.00    0.00    0.00    0.00    0.00  100.00
02:57:23      28    0.00    0.00    0.00    0.00    0.00    0.00    0.00    0.00    0.00  100.00
02:57:23      29    0.00    0.00    0.00    0.00    0.00    0.00    0.00    0.00    0.00  100.00
02:57:23      30    0.00    0.00    0.00    0.00    0.00    0.00    0.00    0.00    0.00  100.00
02:57:23      31    0.00    0.00    0.00    0.00    0.00    0.00    0.00    0.00    0.00  100.00
02:57:23      32    0.00    0.00    0.00    0.00    0.00    0.00    0.00    0.00    0.00  100.00
02:57:23      33    0.00    0.00    0.00    0.00    0.00    0.00    0.00    0.00    0.00  100.00
02:57:23      34    0.00    0.00    0.00    0.00    0.00    0.00    0.00    0.00    0.00  100.00
02:57:23      35    0.00    0.00    0.00    0.00    0.00    0.00    0.00    0.00    0.00  100.00
02:57:23      36    0.00    0.00    0.00    0.00    0.00    0.00    0.00    0.00    0.00  100.00
02:57:23      37    0.00    0.00    0.00    0.00    0.00    0.00    0.00    0.00    0.00  100.00
02:57:23      38    0.00    0.00    0.00    0.00    0.00    0.00    0.00    0.00    0.00  100.00
02:57:23      39    0.00    0.00    0.00    0.00    0.00    0.00    0.00    0.00    0.00  100.00
02:57:23      40    0.00    0.00    0.00    0.00    0.00    0.00    0.00    0.00    0.00  100.00
02:57:23      41    0.00    0.00    0.00    0.00    0.00    0.00    0.00    0.00    0.00  100.00
02:57:23      42    0.00    0.00    0.00    0.00    0.00    0.00    0.00    0.00    0.00  100.00
02:57:23      43    0.00    0.00    0.00    0.00    0.00    0.00    0.00    0.00    0.00  100.00
02:57:23      44    0.00    0.00    0.00    0.00    0.00    0.00    0.00    0.00    0.00  100.00
02:57:23      45    0.00    0.00    0.00    0.00    0.00    0.00    0.00    0.00    0.00  100.00
02:57:23      46    0.00    0.00    0.00    0.00    0.00    0.00    0.00    0.00    0.00  100.00
02:57:23      47    0.00    0.00    0.00    0.00    0.00    0.00    0.00    0.00    0.00  100.00
02:57:23      48    0.00    0.00    0.00    0.00    0.00    0.00    0.00    0.00    0.00  100.00
02:57:23      49    0.00    0.00    0.00    0.00    0.00    0.00    0.00    0.00    0.00  100.00
02:57:23      50    0.00    0.00    0.00    0.00    0.00    0.00    0.00    0.00    0.00  100.00
02:57:23      51    0.00    0.00    0.00    0.00    0.00    0.00    0.00    0.00    0.00  100.00
02:57:23      52    0.00    0.00    0.00    0.00    0.00    0.00    0.00    0.00    0.00  100.00
02:57:23      53    0.00    0.00    0.00    0.00    0.00    0.00    0.00    0.00    0.00  100.00
02:57:23      54    0.00    0.00    0.00    0.00    0.00    0.00    0.00    0.00    0.00  100.00
02:57:23      55    0.00    0.00    0.00    0.00    0.00    0.00    0.00    0.00    0.00  100.00
02:57:23      56    0.00    0.00    0.00    0.00    0.00    0.00    0.00    0.00    0.00  100.00
02:57:23      57    0.00    0.00    0.00    0.00    0.00    0.00    0.00    0.00    0.00  100.00
02:57:23      58    0.00    0.00    0.00    0.00    0.00    0.00    0.00    0.00    0.00  100.00
02:57:23      59    0.00    0.00    0.00    0.00    0.00    0.00    0.00    0.00    0.00  100.00
02:57:23      60    0.00    0.00    0.00    0.00    0.00    0.00    0.00    0.00    0.00  100.00
02:57:23      61    0.00    0.00    0.00    0.00    0.00    0.00    0.00    0.00    0.00  100.00
02:57:23      62    0.00    0.00    0.00    0.00    0.00    0.00    0.00    0.00    0.00  100.00
02:57:23      63    0.00    0.00    0.00    0.00    0.00    0.00    0.00    0.00    0.00  100.00
02:57:23      64    0.00    0.00    0.00    0.00    0.00    0.00    0.00    0.00    0.00  100.00
02:57:23      65    0.00    0.00    0.00    0.00    0.00    0.00    0.00    0.00    0.00  100.00
02:57:23      66    0.00    0.00    0.00    0.00    0.00    0.00    0.00    0.00    0.00  100.00
02:57:23      67    0.00    0.00    0.00    0.00    0.00    0.00    0.00    0.00    0.00  100.00
02:57:23      68    0.00    0.00    0.00    0.00    0.00    0.00    0.00    0.00    0.00  100.00
02:57:23      69    0.00    0.00    0.00    0.00    0.00    0.00    0.00    0.00    0.00  100.00
02:57:23      70    0.00    0.00    0.00    0.00    0.00    0.00    0.00    0.00    0.00  100.00
02:57:23      71    0.00    0.00    0.00    0.00    0.00    0.00    0.00    0.00    0.00  100.00
02:57:23      72    0.00    0.00    0.00    0.00    0.00    0.00    0.00    0.00    0.00  100.00
02:57:23      73    0.00    0.00    0.00    0.00    0.00    0.00    0.00    0.00    0.00  100.00
02:57:23      74    0.00    0.00    0.00    0.00    0.00    0.00    0.00    0.00    0.00  100.00
02:57:23      75    0.00    0.00    0.00    0.00    0.00    0.00    0.00    0.00    0.00  100.00
02:57:23      76    0.00    0.00    0.00    0.00    0.00    0.00    0.00    0.00    0.00  100.00
02:57:23      77    0.00    0.00    0.00    0.00    0.00    0.00    0.00    0.00    0.00  100.00
02:57:23      78    0.00    0.00    0.00    0.00    0.00    0.00    0.00    0.00    0.00  100.00
02:57:23      79    0.00    0.00    0.00    0.00    0.00    0.00    0.00    0.00    0.00  100.00
02:57:23      80    0.00    0.00    0.00    0.00    0.00    0.00    0.00    0.00    0.00  100.00
02:57:23      81    0.00    0.00    0.00    0.00    0.00    0.00    0.00    0.00    0.00  100.00
02:57:23      82    0.00    0.00    0.00    0.00    0.00    0.00    0.00    0.00    0.00  100.00
02:57:23      83    0.00    0.00    0.00    0.00    0.00    0.00    0.00    0.00    0.00  100.00
02:57:23      84    0.00    0.00    0.00    0.00    0.00    0.00    0.00    0.00    0.00  100.00
02:57:23      85    0.00    0.00    0.00    0.00    0.00    0.00    0.00    0.00    0.00  100.00
02:57:23      86    0.00    0.00    0.00    0.00    0.00    0.00    0.00    0.00    0.00  100.00
02:57:23      87    0.00    0.00    0.00    0.00    0.00    0.00    0.00    0.00    0.00  100.00
02:57:23      88    0.00    0.00    0.00    0.00    0.00    0.00    0.00    0.00    0.00  100.00
02:57:23      89    0.00    0.00    0.00    0.00    0.00    0.00    0.00    0.00    0.00  100.00
02:57:23      90    0.00    0.00    0.00    0.00    0.00    0.00    0.00    0.00    0.00  100.00
02:57:23      91    0.00    0.00    0.00    0.00    0.00    0.00    0.00    0.00    0.00  100.00
02:57:23      92    0.00    0.00    0.00    0.00    0.00    0.00    0.00    0.00    0.00  100.00
02:57:23      93    0.00    0.00    0.00    0.00    0.00    0.00    0.00    0.00    0.00  100.00
02:57:23      94    0.00    0.00    0.00    0.00    0.00    0.00    0.00    0.00    0.00  100.00
02:57:23      95    0.00    0.00    0.00    0.00    0.00    0.00    0.00    0.00    0.00  100.00

02:57:23     CPU    %usr   %nice    %sys %iowait    %irq   %soft  %steal  %guest  %gnice   %idle
02:57:24     all    0.00    0.00    0.00    0.00    0.00    0.00    0.00    0.00    0.00  100.00
02:57:24       0    0.00    0.00    0.00    0.00    0.00    0.00    0.00    0.00    0.00  100.00
02:57:24       1    0.00    0.00    0.00    0.00    0.00    0.00    0.00    0.00    0.00  100.00
02:57:24       2    0.00    0.00    0.00    0.00    0.00    0.00    0.00    0.00    0.00  100.00
02:57:24       3    0.00    0.00    0.00    0.00    0.00    0.00    0.00    0.00    0.00  100.00
02:57:24       4    0.00    0.00    0.00    0.00    0.00    0.00    0.00    0.00    0.00  100.00
02:57:24       5    0.00    0.00    0.00    0.00    0.00    0.00    0.00    0.00    0.00  100.00
02:57:24       6    0.00    0.00    0.00    0.00    0.00    0.00    0.00    0.00    0.00  100.00
02:57:24       7    0.00    0.00    0.00    0.00    0.00    0.00    0.00    0.00    0.00  100.00
02:57:24       8    0.00    0.00    0.00    0.00    0.00    0.00    0.00    0.00    0.00  100.00
02:57:24       9    0.00    0.00    0.00    0.00    0.00    0.00    0.00    0.00    0.00  100.00
02:57:24      10    0.00    0.00    0.00    0.00    0.00    0.00    0.00    0.00    0.00  100.00
02:57:24      11    0.00    0.00    0.00    0.00    0.00    0.00    0.00    0.00    0.00  100.00
02:57:24      12    0.00    0.00    0.00    0.00    0.00    0.00    0.00    0.00    0.00  100.00
02:57:24      13    0.00    0.00    0.00    0.00    0.00    0.00    0.00    0.00    0.00  100.00
02:57:24      14    0.00    0.00    0.00    0.00    0.00    0.00    0.00    0.00    0.00  100.00
02:57:24      15    0.00    0.00    0.00    0.00    0.00    0.00    0.00    0.00    0.00  100.00
02:57:24      16    0.00    0.00    0.00    0.00    0.00    0.00    0.00    0.00    0.00  100.00
02:57:24      17    0.00    0.00    0.00    0.00    0.00    0.00    0.00    0.00    0.00  100.00
02:57:24      18    0.00    0.00    0.00    0.00    0.00    0.00    0.00    0.00    0.00  100.00
02:57:24      19    0.00    0.00    0.00    0.00    0.00    0.00    0.00    0.00    0.00  100.00
02:57:24      20    0.00    0.00    0.00    0.00    0.00    0.00    0.00    0.00    0.00  100.00
02:57:24      21    0.00    0.00    0.00    0.00    0.00    0.00    0.00    0.00    0.00  100.00
02:57:24      22    0.00    0.00    0.00    0.00    0.00    0.00    0.00    0.00    0.00  100.00
02:57:24      23    0.00    0.00    0.00    0.00    0.00    0.00    0.00    0.00    0.00  100.00
02:57:24      24    0.00    0.00    0.00    0.00    0.00    0.00    0.00    0.00    0.00  100.00
02:57:24      25    0.00    0.00    0.00    0.00    0.00    0.00    0.00    0.00    0.00  100.00
02:57:24      26    0.00    0.00    0.00    0.00    0.00    0.00    0.00    0.00    0.00  100.00
02:57:24      27    0.00    0.00    0.00    0.00    0.00    0.00    0.00    0.00    0.00  100.00
02:57:24      28    0.00    0.00    0.00    0.00    0.00    0.00    0.00    0.00    0.00  100.00
02:57:24      29    0.00    0.00    0.00    0.00    0.00    0.00    0.00    0.00    0.00  100.00
02:57:24      30    0.00    0.00    0.00    0.00    0.00    0.00    0.00    0.00    0.00  100.00
02:57:24      31    0.00    0.00    0.00    0.00    0.00    0.00    0.00    0.00    0.00  100.00
02:57:24      32    0.00    0.00    0.00    0.00    0.00    0.00    0.00    0.00    0.00  100.00
02:57:24      33    0.00    0.00    0.00    0.00    0.00    0.00    0.00    0.00    0.00  100.00
02:57:24      34    0.00    0.00    0.00    0.00    0.00    0.00    0.00    0.00    0.00  100.00
02:57:24      35    0.00    0.00    0.00    0.00    0.00    0.00    0.00    0.00    0.00  100.00
02:57:24      36    0.00    0.00    0.00    0.00    0.00    0.00    0.00    0.00    0.00  100.00
02:57:24      37    0.00    0.00    0.00    0.00    0.00    0.00    0.00    0.00    0.00  100.00
02:57:24      38    0.00    0.00    0.00    0.00    0.00    0.00    0.00    0.00    0.00  100.00
02:57:24      39    0.00    0.00    0.00    0.00    0.00    0.00    0.00    0.00    0.00  100.00
02:57:24      40    0.00    0.00    0.00    0.00    0.00    0.00    0.00    0.00    0.00  100.00
02:57:24      41    0.00    0.00    0.00    0.00    0.00    0.00    0.00    0.00    0.00  100.00
02:57:24      42    0.00    0.00    0.00    0.00    0.00    0.00    0.00    0.00    0.00  100.00
02:57:24      43    0.00    0.00    0.00    0.00    0.00    0.00    0.00    0.00    0.00  100.00
02:57:24      44    0.00    0.00    0.00    0.00    0.00    0.00    0.00    0.00    0.00  100.00
02:57:24      45    0.00    0.00    0.00    0.00    0.00    0.00    0.00    0.00    0.00  100.00
02:57:24      46    0.00    0.00    0.00    0.00    0.00    0.00    0.00    0.00    0.00  100.00
02:57:24      47    0.00    0.00    0.00    0.00    0.00    0.00    0.00    0.00    0.00  100.00
02:57:24      48    0.00    0.00    0.00    0.00    0.00    0.00    0.00    0.00    0.00  100.00
02:57:24      49    0.00    0.00    0.00    0.00    0.00    0.00    0.00    0.00    0.00  100.00
02:57:24      50    0.00    0.00    0.00    0.00    0.00    0.00    0.00    0.00    0.00  100.00
02:57:24      51    0.00    0.00    0.00    0.00    0.00    0.00    0.00    0.00    0.00  100.00
02:57:24      52    0.00    0.00    0.00    0.00    0.00    0.00    0.00    0.00    0.00  100.00
02:57:24      53    0.00    0.00    0.00    0.00    0.00    0.00    0.00    0.00    0.00  100.00
02:57:24      54    0.00    0.00    0.00    0.00    0.00    0.00    0.00    0.00    0.00  100.00
02:57:24      55    0.00    0.00    0.00    0.00    0.00    0.00    0.00    0.00    0.00  100.00
02:57:24      56    0.00    0.00    0.00    0.00    0.00    0.00    0.00    0.00    0.00  100.00
02:57:24      57    0.00    0.00    0.00    0.00    0.00    0.00    0.00    0.00    0.00  100.00
02:57:24      58    0.00    0.00    0.00    0.00    0.00    0.00    0.00    0.00    0.00  100.00
02:57:24      59    0.00    0.00    0.00    0.00    0.00    0.00    0.00    0.00    0.00  100.00
02:57:24      60    0.00    0.00    0.00    0.00    0.00    0.00    0.00    0.00    0.00  100.00
02:57:24      61    0.00    0.00    0.00    0.00    0.00    0.00    0.00    0.00    0.00  100.00
02:57:24      62    0.00    0.00    0.00    0.00    0.00    0.00    0.00    0.00    0.00  100.00
02:57:24      63    0.00    0.00    0.00    0.00    0.00    0.00    0.00    0.00    0.00  100.00
02:57:24      64    0.00    0.00    0.00    0.00    0.00    0.00    0.00    0.00    0.00  100.00
02:57:24      65    0.00    0.00    0.00    0.00    0.00    0.00    0.00    0.00    0.00  100.00
02:57:24      66    0.00    0.00    0.00    0.00    0.00    0.00    0.00    0.00    0.00  100.00
02:57:24      67    0.00    0.00    0.00    0.00    0.00    0.00    0.00    0.00    0.00  100.00
02:57:24      68    0.00    0.00    0.00    0.00    0.00    0.00    0.00    0.00    0.00  100.00
02:57:24      69    0.00    0.00    0.00    0.00    0.00    0.00    0.00    0.00    0.00  100.00
02:57:24      70    0.00    0.00    0.00    0.00    0.00    0.00    0.00    0.00    0.00  100.00
02:57:24      71    0.00    0.00    0.00    0.00    0.00    0.00    0.00    0.00    0.00  100.00
02:57:24      72    0.00    0.00    0.00    0.00    0.00    0.00    0.00    0.00    0.00  100.00
02:57:24      73    0.00    0.00    0.00    0.00    0.00    0.00    0.00    0.00    0.00  100.00
02:57:24      74    0.00    0.00    0.00    0.00    0.00    0.00    0.00    0.00    0.00  100.00
02:57:24      75    0.00    0.00    0.00    0.00    0.00    0.00    0.00    0.00    0.00  100.00
02:57:24      76    0.00    0.00    0.00    0.00    0.00    0.00    0.00    0.00    0.00  100.00
02:57:24      77    0.00    0.00    0.00    0.00    0.00    0.00    0.00    0.00    0.00  100.00
02:57:24      78    0.00    0.00    0.00    0.00    0.00    0.00    0.00    0.00    0.00  100.00
02:57:24      79    0.00    0.00    0.00    0.00    0.00    0.00    0.00    0.00    0.00  100.00
02:57:24      80    0.00    0.00    0.00    0.00    0.00    0.00    0.00    0.00    0.00  100.00
02:57:24      81    0.00    0.00    0.00    0.00    0.00    0.00    0.00    0.00    0.00  100.00
02:57:24      82    0.00    0.00    0.00    0.00    0.00    0.00    0.00    0.00    0.00  100.00
02:57:24      83    0.00    0.00    0.00    0.00    0.00    0.00    0.00    0.00    0.00  100.00
02:57:24      84    0.00    0.00    0.00    0.00    0.00    0.00    0.00    0.00    0.00  100.00
02:57:24      85    0.00    0.00    0.00    0.00    0.00    0.00    0.00    0.00    0.00  100.00
02:57:24      86    0.00    0.00    0.00    0.00    0.00    0.00    0.00    0.00    0.00  100.00
02:57:24      87    0.00    0.00    0.00    0.00    0.00    0.00    0.00    0.00    0.00  100.00
02:57:24      88    0.00    0.00    0.00    0.00    0.00    0.00    0.00    0.00    0.00  100.00
02:57:24      89    0.00    0.00    0.00    0.00    0.00    0.00    0.00    0.00    0.00  100.00
02:57:24      90    0.00    0.00    0.00    0.00    0.00    0.00    0.00    0.00    0.00  100.00
02:57:24      91    0.00    0.00    0.00    0.00    0.00    0.00    0.00    0.00    0.00  100.00
02:57:24      92    0.00    0.00    0.00    0.00    0.00    0.00    0.00    0.00    0.00  100.00
02:57:24      93    0.00    0.00    0.00    0.00    0.00    0.00    0.00    0.00    0.00  100.00
02:57:24      94    0.00    0.00    0.00    0.00    0.00    0.00    0.00    0.00    0.00  100.00
02:57:24      95    0.00    0.00    0.00    0.00    0.00    0.00    0.00    0.00    0.00  100.00

02:57:24     CPU    %usr   %nice    %sys %iowait    %irq   %soft  %steal  %guest  %gnice   %idle
02:57:25     all    0.00    0.00    0.00    0.00    0.00    0.00    0.00    0.00    0.00  100.00
02:57:25       0    0.00    0.00    0.00    0.00    0.00    0.00    0.00    0.00    0.00  100.00
02:57:25       1    0.00    0.00    0.00    0.00    0.00    0.00    0.00    0.00    0.00  100.00
02:57:25       2    0.00    0.00    0.00    0.00    0.00    0.00    0.00    0.00    0.00  100.00
02:57:25       3    0.00    0.00    0.00    0.00    0.00    0.00    0.00    0.00    0.00  100.00
02:57:25       4    0.00    0.00    0.00    0.00    0.00    0.00    0.00    0.00    0.00  100.00
02:57:25       5    0.00    0.00    0.00    0.00    0.00    0.00    0.00    0.00    0.00  100.00
02:57:25       6    0.00    0.00    0.00    0.00    0.00    0.00    0.00    0.00    0.00  100.00
02:57:25       7    0.00    0.00    0.00    0.00    0.00    0.00    0.00    0.00    0.00  100.00
02:57:25       8    0.00    0.00    0.00    0.00    0.00    0.00    0.00    0.00    0.00  100.00
02:57:25       9    0.00    0.00    0.00    0.00    0.00    0.00    0.00    0.00    0.00  100.00
02:57:25      10    0.00    0.00    0.00    0.00    0.00    0.00    0.00    0.00    0.00  100.00
02:57:25      11    0.00    0.00    0.00    0.00    0.00    0.00    0.00    0.00    0.00  100.00
02:57:25      12    0.00    0.00    0.00    0.00    0.00    0.00    0.00    0.00    0.00  100.00
02:57:25      13    0.00    0.00    0.00    0.00    0.00    0.00    0.00    0.00    0.00  100.00
02:57:25      14    0.00    0.00    0.00    0.00    0.00    0.00    0.00    0.00    0.00  100.00
02:57:25      15    0.00    0.00    0.00    0.00    0.00    0.00    0.00    0.00    0.00  100.00
02:57:25      16    0.00    0.00    0.00    0.00    0.00    0.00    0.00    0.00    0.00  100.00
02:57:25      17    0.00    0.00    0.00    0.00    0.00    0.00    0.00    0.00    0.00  100.00
02:57:25      18    0.00    0.00    0.00    0.00    0.00    0.00    0.00    0.00    0.00  100.00
02:57:25      19    0.00    0.00    0.00    0.00    0.00    0.00    0.00    0.00    0.00  100.00
02:57:25      20    0.00    0.00    0.00    0.00    0.00    0.00    0.00    0.00    0.00  100.00
02:57:25      21    0.00    0.00    0.00    0.00    0.00    0.00    0.00    0.00    0.00  100.00
02:57:25      22    0.00    0.00    0.00    0.00    0.00    0.00    0.00    0.00    0.00  100.00
02:57:25      23    0.00    0.00    0.00    0.00    0.00    0.00    0.00    0.00    0.00  100.00
02:57:25      24    0.00    0.00    0.00    0.00    0.00    0.00    0.00    0.00    0.00  100.00
02:57:25      25    0.00    0.00    0.00    0.00    0.00    0.00    0.00    0.00    0.00  100.00
02:57:25      26    0.00    0.00    0.00    0.00    0.00    0.00    0.00    0.00    0.00  100.00
02:57:25      27    0.00    0.00    0.00    0.00    0.00    0.00    0.00    0.00    0.00  100.00
02:57:25      28    0.00    0.00    0.00    0.00    0.00    0.00    0.00    0.00    0.00  100.00
02:57:25      29    0.00    0.00    0.00    0.00    0.00    0.00    0.00    0.00    0.00  100.00
02:57:25      30    0.00    0.00    0.00    0.00    0.00    0.00    0.00    0.00    0.00  100.00
02:57:25      31    0.00    0.00    0.00    0.00    0.00    0.00    0.00    0.00    0.00  100.00
02:57:25      32    0.00    0.00    0.00    0.00    0.00    0.00    0.00    0.00    0.00  100.00
02:57:25      33    0.00    0.00    0.00    0.00    0.00    0.00    0.00    0.00    0.00  100.00
02:57:25      34    0.00    0.00    0.00    0.00    0.00    0.00    0.00    0.00    0.00  100.00
02:57:25      35    0.00    0.00    0.00    0.00    0.00    0.00    0.00    0.00    0.00  100.00
02:57:25      36    0.00    0.00    0.00    0.00    0.00    0.00    0.00    0.00    0.00  100.00
02:57:25      37    0.00    0.00    0.00    0.00    0.00    0.00    0.00    0.00    0.00  100.00
02:57:25      38    0.00    0.00    0.00    0.00    0.00    0.00    0.00    0.00    0.00  100.00
02:57:25      39    0.00    0.00    0.00    0.00    0.00    0.00    0.00    0.00    0.00  100.00
02:57:25      40    0.00    0.00    0.00    0.00    0.00    0.00    0.00    0.00    0.00  100.00
02:57:25      41    0.00    0.00    0.00    0.00    0.00    0.00    0.00    0.00    0.00  100.00
02:57:25      42    0.00    0.00    0.00    0.00    0.00    0.00    0.00    0.00    0.00  100.00
02:57:25      43    0.00    0.00    0.00    0.00    0.00    0.00    0.00    0.00    0.00  100.00
02:57:25      44    0.00    0.00    0.00    0.00    0.00    0.00    0.00    0.00    0.00  100.00
02:57:25      45    0.00    0.00    0.00    0.00    0.00    0.00    0.00    0.00    0.00  100.00
02:57:25      46    0.00    0.00    0.00    0.00    0.00    0.00    0.00    0.00    0.00  100.00
02:57:25      47    0.00    0.00    0.00    0.00    0.00    0.00    0.00    0.00    0.00  100.00
02:57:25      48    0.00    0.00    0.00    0.00    0.00    0.00    0.00    0.00    0.00  100.00
02:57:25      49    0.00    0.00    0.00    0.00    0.00    0.00    0.00    0.00    0.00  100.00
02:57:25      50    0.00    0.00    0.00    0.00    0.00    0.00    0.00    0.00    0.00  100.00
02:57:25      51    0.00    0.00    0.00    0.00    0.00    0.00    0.00    0.00    0.00  100.00
02:57:25      52    0.00    0.00    0.00    0.00    0.00    0.00    0.00    0.00    0.00  100.00
02:57:25      53    0.00    0.00    0.00    0.00    0.00    0.00    0.00    0.00    0.00  100.00
02:57:25      54    0.00    0.00    0.00    0.00    0.00    0.00    0.00    0.00    0.00  100.00
02:57:25      55    0.00    0.00    0.00    0.00    0.00    0.00    0.00    0.00    0.00  100.00
02:57:25      56    0.00    0.00    0.00    0.00    0.00    0.00    0.00    0.00    0.00  100.00
02:57:25      57    0.00    0.00    0.00    0.00    0.00    0.00    0.00    0.00    0.00  100.00
02:57:25      58    0.00    0.00    0.00    0.00    0.00    0.00    0.00    0.00    0.00  100.00
02:57:25      59    0.00    0.00    0.00    0.00    0.00    0.00    0.00    0.00    0.00  100.00
02:57:25      60    0.00    0.00    0.00    0.00    0.00    0.00    0.00    0.00    0.00  100.00
02:57:25      61    0.00    0.00    0.00    0.00    0.00    0.00    0.00    0.00    0.00  100.00
02:57:25      62    0.00    0.00    0.00    0.00    0.00    0.00    0.00    0.00    0.00  100.00
02:57:25      63    0.00    0.00    0.00    0.00    0.00    0.00    0.00    0.00    0.00  100.00
02:57:25      64    0.00    0.00    0.00    0.00    0.00    0.00    0.00    0.00    0.00  100.00
02:57:25      65    0.00    0.00    0.00    0.00    0.00    0.00    0.00    0.00    0.00  100.00
02:57:25      66    0.00    0.00    0.00    0.00    0.00    0.00    0.00    0.00    0.00  100.00
02:57:25      67    0.00    0.00    0.00    0.00    0.00    0.00    0.00    0.00    0.00  100.00
02:57:25      68    0.00    0.00    0.00    0.00    0.00    0.00    0.00    0.00    0.00  100.00
02:57:25      69    0.00    0.00    0.00    0.00    0.00    0.00    0.00    0.00    0.00  100.00
02:57:25      70    0.00    0.00    0.00    0.00    0.00    0.00    0.00    0.00    0.00  100.00
02:57:25      71    0.00    0.00    0.00    0.00    0.00    0.00    0.00    0.00    0.00  100.00
02:57:25      72    0.00    0.00    0.00    0.00    0.00    0.00    0.00    0.00    0.00  100.00
02:57:25      73    0.00    0.00    0.00    0.00    0.00    0.00    0.00    0.00    0.00  100.00
02:57:25      74    0.00    0.00    0.00    0.00    0.00    0.00    0.00    0.00    0.00  100.00
02:57:25      75    0.00    0.00    0.00    0.00    0.00    0.00    0.00    0.00    0.00  100.00
02:57:25      76    0.00    0.00    0.00    0.00    0.00    0.00    0.00    0.00    0.00  100.00
02:57:25      77    0.00    0.00    0.00    0.00    0.00    0.00    0.00    0.00    0.00  100.00
02:57:25      78    0.00    0.00    0.00    0.00    0.00    0.00    0.00    0.00    0.00  100.00
02:57:25      79    0.00    0.00    0.00    0.00    0.00    0.00    0.00    0.00    0.00  100.00
02:57:25      80    0.00    0.00    0.00    0.00    0.00    0.00    0.00    0.00    0.00  100.00
02:57:25      81    0.00    0.00    0.00    0.00    0.00    0.00    0.00    0.00    0.00  100.00
02:57:25      82    0.00    0.00    0.00    0.00    0.00    0.00    0.00    0.00    0.00  100.00
02:57:25      83    0.00    0.00    0.00    0.00    0.00    0.00    0.00    0.00    0.00  100.00
02:57:25      84    0.00    0.00    0.00    0.00    0.00    0.00    0.00    0.00    0.00  100.00
02:57:25      85    0.00    0.00    0.00    0.00    0.00    0.00    0.00    0.00    0.00  100.00
02:57:25      86    0.00    0.00    0.00    0.00    0.00    0.00    0.00    0.00    0.00  100.00
02:57:25      87    0.00    0.00    0.00    0.00    0.00    0.00    0.00    0.00    0.00  100.00
02:57:25      88    0.00    0.00    0.00    0.00    0.00    0.00    0.00    0.00    0.00  100.00
02:57:25      89    0.00    0.00    0.00    0.00    0.00    0.00    0.00    0.00    0.00  100.00
02:57:25      90    0.00    0.00    0.00    0.00    0.00    0.00    0.00    0.00    0.00  100.00
02:57:25      91    0.00    0.00    0.00    0.00    0.00    0.00    0.00    0.00    0.00  100.00
02:57:25      92    0.00    0.00    0.00    0.00    0.00    0.00    0.00    0.00    0.00  100.00
02:57:25      93    0.00    0.00    0.00    0.00    0.00    0.00    0.00    0.00    0.00  100.00
02:57:25      94    0.00    0.00    0.00    0.00    0.00    0.00    0.00    0.00    0.00  100.00
02:57:25      95    0.00    0.00    0.00    0.00    0.00    0.00    0.00    0.00    0.00  100.00

02:57:25     CPU    %usr   %nice    %sys %iowait    %irq   %soft  %steal  %guest  %gnice   %idle
02:57:26     all    0.00    0.00    0.00    0.00    0.00    0.00    0.00    0.00    0.00  100.00
02:57:26       0    0.00    0.00    0.00    0.00    0.00    0.00    0.00    0.00    0.00  100.00
02:57:26       1    0.00    0.00    0.00    0.00    0.00    0.00    0.00    0.00    0.00  100.00
02:57:26       2    0.00    0.00    0.00    0.00    0.00    0.00    0.00    0.00    0.00  100.00
02:57:26       3    0.00    0.00    0.00    0.00    0.00    0.00    0.00    0.00    0.00  100.00
02:57:26       4    0.00    0.00    0.00    0.00    0.00    0.00    0.00    0.00    0.00  100.00
02:57:26       5    0.00    0.00    0.00    0.00    0.00    0.00    0.00    0.00    0.00  100.00
02:57:26       6    0.00    0.00    0.00    0.00    0.00    0.00    0.00    0.00    0.00  100.00
02:57:26       7    0.00    0.00    0.00    0.00    0.00    0.00    0.00    0.00    0.00  100.00
02:57:26       8    0.00    0.00    0.00    0.00    0.00    0.00    0.00    0.00    0.00  100.00
02:57:26       9    0.00    0.00    0.00    0.00    0.00    0.00    0.00    0.00    0.00  100.00
02:57:26      10    0.00    0.00    0.00    0.00    0.00    0.00    0.00    0.00    0.00  100.00
02:57:26      11    0.00    0.00    0.00    0.00    0.00    0.00    0.00    0.00    0.00  100.00
02:57:26      12    0.00    0.00    0.00    0.00    0.00    0.00    0.00    0.00    0.00  100.00
02:57:26      13    0.00    0.00    0.00    0.00    0.00    0.00    0.00    0.00    0.00  100.00
02:57:26      14    0.00    0.00    0.00    0.00    0.00    0.00    0.00    0.00    0.00  100.00
02:57:26      15    0.00    0.00    0.00    0.00    0.00    0.00    0.00    0.00    0.00  100.00
02:57:26      16    0.00    0.00    0.00    0.00    0.00    0.00    0.00    0.00    0.00  100.00
02:57:26      17    0.00    0.00    0.00    0.00    0.00    0.00    0.00    0.00    0.00  100.00
02:57:26      18    0.00    0.00    0.00    0.00    0.00    0.00    0.00    0.00    0.00  100.00
02:57:26      19    0.00    0.00    0.00    0.00    0.00    0.00    0.00    0.00    0.00  100.00
02:57:26      20    0.00    0.00    0.00    0.00    0.00    0.00    0.00    0.00    0.00  100.00
02:57:26      21    0.00    0.00    0.00    0.00    0.00    0.00    0.00    0.00    0.00  100.00
02:57:26      22    0.00    0.00    0.00    0.00    0.00    0.00    0.00    0.00    0.00  100.00
02:57:26      23    0.00    0.00    0.00    0.00    0.00    0.00    0.00    0.00    0.00  100.00
02:57:26      24    0.00    0.00    0.00    0.00    0.00    0.00    0.00    0.00    0.00  100.00
02:57:26      25    0.00    0.00    0.00    0.00    0.00    0.00    0.00    0.00    0.00  100.00
02:57:26      26    0.00    0.00    0.00    0.00    0.00    0.00    0.00    0.00    0.00  100.00
02:57:26      27    0.00    0.00    0.00    0.00    0.00    0.00    0.00    0.00    0.00  100.00
02:57:26      28    0.00    0.00    0.00    0.00    0.00    0.00    0.00    0.00    0.00  100.00
02:57:26      29    0.00    0.00    0.00    0.00    0.00    0.00    0.00    0.00    0.00  100.00
02:57:26      30    0.00    0.00    0.00    0.00    0.00    0.00    0.00    0.00    0.00  100.00
02:57:26      31    0.00    0.00    0.00    0.00    0.00    0.00    0.00    0.00    0.00  100.00
02:57:26      32    0.00    0.00    0.00    0.00    0.00    0.00    0.00    0.00    0.00  100.00
02:57:26      33    0.00    0.00    0.00    0.00    0.00    0.00    0.00    0.00    0.00  100.00
02:57:26      34    0.00    0.00    0.00    0.00    0.00    0.00    0.00    0.00    0.00  100.00
02:57:26      35    0.00    0.00    0.00    0.00    0.00    0.00    0.00    0.00    0.00  100.00
02:57:26      36    0.00    0.00    0.00    0.00    0.00    0.00    0.00    0.00    0.00  100.00
02:57:26      37    0.00    0.00    0.00    0.00    0.00    0.00    0.00    0.00    0.00  100.00
02:57:26      38    0.00    0.00    0.00    0.00    0.00    0.00    0.00    0.00    0.00  100.00
02:57:26      39    0.00    0.00    0.00    0.00    0.00    0.00    0.00    0.00    0.00  100.00
02:57:26      40    0.00    0.00    0.00    0.00    0.00    0.00    0.00    0.00    0.00  100.00
02:57:26      41    0.00    0.00    0.00    0.00    0.00    0.00    0.00    0.00    0.00  100.00
02:57:26      42    0.00    0.00    0.00    0.00    0.00    0.00    0.00    0.00    0.00  100.00
02:57:26      43    0.00    0.00    0.00    0.00    0.00    0.00    0.00    0.00    0.00  100.00
02:57:26      44    0.00    0.00    0.00    0.00    0.00    0.00    0.00    0.00    0.00  100.00
02:57:26      45    0.00    0.00    0.00    0.00    0.00    0.00    0.00    0.00    0.00  100.00
02:57:26      46    0.00    0.00    0.00    0.00    0.00    0.00    0.00    0.00    0.00  100.00
02:57:26      47    0.00    0.00    0.00    0.00    0.00    0.00    0.00    0.00    0.00  100.00
02:57:26      48    0.00    0.00    0.00    0.00    0.00    0.00    0.00    0.00    0.00  100.00
02:57:26      49    0.00    0.00    0.00    0.00    0.00    0.00    0.00    0.00    0.00  100.00
02:57:26      50    0.00    0.00    0.00    0.00    0.00    0.00    0.00    0.00    0.00  100.00
02:57:26      51    0.00    0.00    0.00    0.00    0.00    0.00    0.00    0.00    0.00  100.00
02:57:26      52    0.00    0.00    0.00    0.00    0.00    0.00    0.00    0.00    0.00  100.00
02:57:26      53    0.00    0.00    0.00    0.00    0.00    0.00    0.00    0.00    0.00  100.00
02:57:26      54    0.00    0.00    0.00    0.00    0.00    0.00    0.00    0.00    0.00  100.00
02:57:26      55    0.00    0.00    0.00    0.00    0.00    0.00    0.00    0.00    0.00  100.00
02:57:26      56    0.00    0.00    0.00    0.00    0.00    0.00    0.00    0.00    0.00  100.00
02:57:26      57    0.00    0.00    0.00    0.00    0.00    0.00    0.00    0.00    0.00  100.00
02:57:26      58    0.00    0.00    0.00    0.00    0.00    0.00    0.00    0.00    0.00  100.00
02:57:26      59    0.00    0.00    0.00    0.00    0.00    0.00    0.00    0.00    0.00  100.00
02:57:26      60    0.00    0.00    0.00    0.00    0.00    0.00    0.00    0.00    0.00  100.00
02:57:26      61    0.00    0.00    0.00    0.00    0.00    0.00    0.00    0.00    0.00  100.00
02:57:26      62    0.00    0.00    0.00    0.00    0.00    0.00    0.00    0.00    0.00  100.00
02:57:26      63    0.00    0.00    0.00    0.00    0.00    0.00    0.00    0.00    0.00  100.00
02:57:26      64    0.00    0.00    0.00    0.00    0.00    0.00    0.00    0.00    0.00  100.00
02:57:26      65    0.00    0.00    0.00    0.00    0.00    0.00    0.00    0.00    0.00  100.00
02:57:26      66    0.00    0.00    0.00    0.00    0.00    0.00    0.00    0.00    0.00  100.00
02:57:26      67    0.00    0.00    0.00    0.00    0.00    0.00    0.00    0.00    0.00  100.00
02:57:26      68    0.00    0.00    0.00    0.00    0.00    0.00    0.00    0.00    0.00  100.00
02:57:26      69    0.00    0.00    0.00    0.00    0.00    0.00    0.00    0.00    0.00  100.00
02:57:26      70    0.00    0.00    0.00    0.00    0.00    0.00    0.00    0.00    0.00  100.00
02:57:26      71    0.00    0.00    0.00    0.00    0.00    0.00    0.00    0.00    0.00  100.00
02:57:26      72    0.00    0.00    0.00    0.00    0.00    0.00    0.00    0.00    0.00  100.00
02:57:26      73    0.00    0.00    0.00    0.00    0.00    0.00    0.00    0.00    0.00  100.00
02:57:26      74    0.00    0.00    0.00    0.00    0.00    0.00    0.00    0.00    0.00  100.00
02:57:26      75    0.00    0.00    0.00    0.00    0.00    0.00    0.00    0.00    0.00  100.00
02:57:26      76    0.00    0.00    0.00    0.00    0.00    0.00    0.00    0.00    0.00  100.00
02:57:26      77    0.00    0.00    0.00    0.00    0.00    0.00    0.00    0.00    0.00  100.00
02:57:26      78    0.00    0.00    0.00    0.00    0.00    0.00    0.00    0.00    0.00  100.00
02:57:26      79    0.00    0.00    0.00    0.00    0.00    0.00    0.00    0.00    0.00  100.00
02:57:26      80    0.00    0.00    0.00    0.00    0.00    0.00    0.00    0.00    0.00  100.00
02:57:26      81    0.00    0.00    0.00    0.00    0.00    0.00    0.00    0.00    0.00  100.00
02:57:26      82    0.00    0.00    0.00    0.00    0.00    0.00    0.00    0.00    0.00  100.00
02:57:26      83    0.00    0.00    0.00    0.00    0.00    0.00    0.00    0.00    0.00  100.00
02:57:26      84    0.00    0.00    0.00    0.00    0.00    0.00    0.00    0.00    0.00  100.00
02:57:26      85    0.00    0.00    0.00    0.00    0.00    0.00    0.00    0.00    0.00  100.00
02:57:26      86    0.00    0.00    0.00    0.00    0.00    0.00    0.00    0.00    0.00  100.00
02:57:26      87    0.00    0.00    0.00    0.00    0.00    0.00    0.00    0.00    0.00  100.00
02:57:26      88    0.00    0.00    0.00    0.00    0.00    0.00    0.00    0.00    0.00  100.00
02:57:26      89    0.00    0.00    0.00    0.00    0.00    0.00    0.00    0.00    0.00  100.00
02:57:26      90    0.00    0.00    0.00    0.00    0.00    0.00    0.00    0.00    0.00  100.00
02:57:26      91    0.00    0.00    0.00    0.00    0.00    0.00    0.00    0.00    0.00  100.00
02:57:26      92    0.00    0.00    0.00    0.00    0.00    0.00    0.00    0.00    0.00  100.00
02:57:26      93    0.00    0.00    0.00    0.00    0.00    0.00    0.00    0.00    0.00  100.00
02:57:26      94    0.00    0.00    0.00    0.00    0.00    0.00    0.00    0.00    0.00  100.00
02:57:26      95    0.00    0.00    0.00    0.00    0.00    0.00    0.00    0.00    0.00  100.00

02:57:26     CPU    %usr   %nice    %sys %iowait    %irq   %soft  %steal  %guest  %gnice   %idle
02:57:27     all    0.00    0.00    0.00    0.00    0.00    0.00    0.00    0.00    0.00  100.00
02:57:27       0    0.00    0.00    0.00    0.00    0.00    0.00    0.00    0.00    0.00  100.00
02:57:27       1    0.00    0.00    0.00    0.00    0.00    0.00    0.00    0.00    0.00  100.00
02:57:27       2    0.00    0.00    0.00    0.00    0.00    0.00    0.00    0.00    0.00  100.00
02:57:27       3    0.00    0.00    0.00    0.00    0.00    0.00    0.00    0.00    0.00  100.00
02:57:27       4    0.00    0.00    0.00    0.00    0.00    0.00    0.00    0.00    0.00  100.00
02:57:27       5    0.00    0.00    0.00    0.00    0.00    0.00    0.00    0.00    0.00  100.00
02:57:27       6    0.00    0.00    0.00    0.00    0.00    0.00    0.00    0.00    0.00  100.00
02:57:27       7    0.00    0.00    0.00    0.00    0.00    0.00    0.00    0.00    0.00  100.00
02:57:27       8    0.00    0.00    0.00    0.00    0.00    0.00    0.00    0.00    0.00  100.00
02:57:27       9    0.00    0.00    0.00    0.00    0.00    0.00    0.00    0.00    0.00  100.00
02:57:27      10    0.00    0.00    0.00    0.00    0.00    0.00    0.00    0.00    0.00  100.00
02:57:27      11    0.00    0.00    0.00    0.00    0.00    0.00    0.00    0.00    0.00  100.00
02:57:27      12    0.00    0.00    0.00    0.00    0.00    0.00    0.00    0.00    0.00  100.00
02:57:27      13    0.00    0.00    0.00    0.00    0.00    0.00    0.00    0.00    0.00  100.00
02:57:27      14    0.00    0.00    0.00    0.00    0.00    0.00    0.00    0.00    0.00  100.00
02:57:27      15    0.00    0.00    0.00    0.00    0.00    0.00    0.00    0.00    0.00  100.00
02:57:27      16    0.00    0.00    0.00    0.00    0.00    0.00    0.00    0.00    0.00  100.00
02:57:27      17    0.00    0.00    0.00    0.00    0.00    0.00    0.00    0.00    0.00  100.00
02:57:27      18    0.00    0.00    0.00    0.00    0.00    0.00    0.00    0.00    0.00  100.00
02:57:27      19    0.00    0.00    0.00    0.00    0.00    0.00    0.00    0.00    0.00  100.00
02:57:27      20    0.00    0.00    0.00    0.00    0.00    0.00    0.00    0.00    0.00  100.00
02:57:27      21    0.00    0.00    0.00    0.00    0.00    0.00    0.00    0.00    0.00  100.00
02:57:27      22    0.00    0.00    0.00    0.00    0.00    0.00    0.00    0.00    0.00  100.00
02:57:27      23    0.00    0.00    0.00    0.00    0.00    0.00    0.00    0.00    0.00  100.00
02:57:27      24    0.00    0.00    0.00    0.00    0.00    0.00    0.00    0.00    0.00  100.00
02:57:27      25    0.00    0.00    0.00    0.00    0.00    0.00    0.00    0.00    0.00  100.00
02:57:27      26    0.00    0.00    0.00    0.00    0.00    0.00    0.00    0.00    0.00  100.00
02:57:27      27    0.00    0.00    0.00    0.00    0.00    0.00    0.00    0.00    0.00  100.00
02:57:27      28    0.00    0.00    0.00    0.00    0.00    0.00    0.00    0.00    0.00  100.00
02:57:27      29    0.00    0.00    0.00    0.00    0.00    0.00    0.00    0.00    0.00  100.00
02:57:27      30    0.00    0.00    0.00    0.00    0.00    0.00    0.00    0.00    0.00  100.00
02:57:27      31    0.00    0.00    0.00    0.00    0.00    0.00    0.00    0.00    0.00  100.00
02:57:27      32    0.00    0.00    0.00    0.00    0.00    0.00    0.00    0.00    0.00  100.00
02:57:27      33    0.00    0.00    0.00    0.00    0.00    0.00    0.00    0.00    0.00  100.00
02:57:27      34    0.00    0.00    0.00    0.00    0.00    0.00    0.00    0.00    0.00  100.00
02:57:27      35    0.00    0.00    0.00    0.00    0.00    0.00    0.00    0.00    0.00  100.00
02:57:27      36    0.00    0.00    0.00    0.00    0.00    0.00    0.00    0.00    0.00  100.00
02:57:27      37    0.00    0.00    0.00    0.00    0.00    0.00    0.00    0.00    0.00  100.00
02:57:27      38    0.00    0.00    0.00    0.00    0.00    0.00    0.00    0.00    0.00  100.00
02:57:27      39    0.00    0.00    0.00    0.00    0.00    0.00    0.00    0.00    0.00  100.00
02:57:27      40    0.00    0.00    0.00    0.00    0.00    0.00    0.00    0.00    0.00  100.00
02:57:27      41    0.00    0.00    0.00    0.00    0.00    0.00    0.00    0.00    0.00  100.00
02:57:27      42    0.00    0.00    0.00    0.00    0.00    0.00    0.00    0.00    0.00  100.00
02:57:27      43    0.00    0.00    0.00    0.00    0.00    0.00    0.00    0.00    0.00  100.00
02:57:27      44    0.00    0.00    0.00    0.00    0.00    0.00    0.00    0.00    0.00  100.00
02:57:27      45    0.00    0.00    0.00    0.00    0.00    0.00    0.00    0.00    0.00  100.00
02:57:27      46    0.00    0.00    0.00    0.00    0.00    0.00    0.00    0.00    0.00  100.00
02:57:27      47    0.00    0.00    0.00    0.00    0.00    0.00    0.00    0.00    0.00  100.00
02:57:27      48    0.00    0.00    0.00    0.00    0.00    0.00    0.00    0.00    0.00  100.00
02:57:27      49    0.00    0.00    0.00    0.00    0.00    0.00    0.00    0.00    0.00  100.00
02:57:27      50    0.00    0.00    0.00    0.00    0.00    0.00    0.00    0.00    0.00  100.00
02:57:27      51    0.00    0.00    0.00    0.00    0.00    0.00    0.00    0.00    0.00  100.00
02:57:27      52    0.00    0.00    0.00    0.00    0.00    0.00    0.00    0.00    0.00  100.00
02:57:27      53    0.00    0.00    0.00    0.00    0.00    0.00    0.00    0.00    0.00  100.00
02:57:27      54    0.00    0.00    0.00    0.00    0.00    0.00    0.00    0.00    0.00  100.00
02:57:27      55    0.00    0.00    0.00    0.00    0.00    0.00    0.00    0.00    0.00  100.00
02:57:27      56    0.00    0.00    0.00    0.00    0.00    0.00    0.00    0.00    0.00  100.00
02:57:27      57    0.00    0.00    0.00    0.00    0.00    0.00    0.00    0.00    0.00  100.00
02:57:27      58    0.00    0.00    0.00    0.00    0.00    0.00    0.00    0.00    0.00  100.00
02:57:27      59    0.00    0.00    0.00    0.00    0.00    0.00    0.00    0.00    0.00  100.00
02:57:27      60    0.00    0.00    0.00    0.00    0.00    0.00    0.00    0.00    0.00  100.00
02:57:27      61    0.00    0.00    0.00    0.00    0.00    0.00    0.00    0.00    0.00  100.00
02:57:27      62    0.00    0.00    0.00    0.00    0.00    0.00    0.00    0.00    0.00  100.00
02:57:27      63    0.00    0.00    0.00    0.00    0.00    0.00    0.00    0.00    0.00  100.00
02:57:27      64    0.00    0.00    0.00    0.00    0.00    0.00    0.00    0.00    0.00  100.00
02:57:27      65    0.00    0.00    0.00    0.00    0.00    0.00    0.00    0.00    0.00  100.00
02:57:27      66    0.00    0.00    0.00    0.00    0.00    0.00    0.00    0.00    0.00  100.00
02:57:27      67    0.00    0.00    0.00    0.00    0.00    0.00    0.00    0.00    0.00  100.00
02:57:27      68    0.00    0.00    0.00    0.00    0.00    0.00    0.00    0.00    0.00  100.00
02:57:27      69    0.00    0.00    0.00    0.00    0.00    0.00    0.00    0.00    0.00  100.00
02:57:27      70    0.00    0.00    0.00    0.00    0.00    0.00    0.00    0.00    0.00  100.00
02:57:27      71    0.00    0.00    0.00    0.00    0.00    0.00    0.00    0.00    0.00  100.00
02:57:27      72    0.00    0.00    0.00    0.00    0.00    0.00    0.00    0.00    0.00  100.00
02:57:27      73    0.00    0.00    0.00    0.00    0.00    0.00    0.00    0.00    0.00  100.00
02:57:27      74    0.00    0.00    0.00    0.00    0.00    0.00    0.00    0.00    0.00  100.00
02:57:27      75    0.00    0.00    0.00    0.00    0.00    0.00    0.00    0.00    0.00  100.00
02:57:27      76    0.00    0.00    0.00    0.00    0.00    0.00    0.00    0.00    0.00  100.00
02:57:27      77    0.00    0.00    0.00    0.00    0.00    0.00    0.00    0.00    0.00  100.00
02:57:27      78    0.00    0.00    0.00    0.00    0.00    0.00    0.00    0.00    0.00  100.00
02:57:27      79    0.00    0.00    0.00    0.00    0.00    0.00    0.00    0.00    0.00  100.00
02:57:27      80    0.00    0.00    0.00    0.00    0.00    0.00    0.00    0.00    0.00  100.00
02:57:27      81    0.00    0.00    0.00    0.00    0.00    0.00    0.00    0.00    0.00  100.00
02:57:27      82    0.00    0.00    0.00    0.00    0.00    0.00    0.00    0.00    0.00  100.00
02:57:27      83    0.00    0.00    0.00    0.00    0.00    0.00    0.00    0.00    0.00  100.00
02:57:27      84    0.00    0.00    0.00    0.00    0.00    0.00    0.00    0.00    0.00  100.00
02:57:27      85    0.00    0.00    0.00    0.00    0.00    0.00    0.00    0.00    0.00  100.00
02:57:27      86    0.00    0.00    0.00    0.00    0.00    0.00    0.00    0.00    0.00  100.00
02:57:27      87    0.00    0.00    0.00    0.00    0.00    0.00    0.00    0.00    0.00  100.00
02:57:27      88    0.00    0.00    0.00    0.00    0.00    0.00    0.00    0.00    0.00  100.00
02:57:27      89    0.00    0.00    0.00    0.00    0.00    0.00    0.00    0.00    0.00  100.00
02:57:27      90    0.00    0.00    0.00    0.00    0.00    0.00    0.00    0.00    0.00  100.00
02:57:27      91    0.00    0.00    0.00    0.00    0.00    0.00    0.00    0.00    0.00  100.00
02:57:27      92    0.00    0.00    0.00    0.00    0.00    0.00    0.00    0.00    0.00  100.00
02:57:27      93    0.00    0.00    0.00    0.00    0.00    0.00    0.00    0.00    0.00  100.00
02:57:27      94    0.00    0.00    0.00    0.00    0.00    0.00    0.00    0.00    0.00  100.00
02:57:27      95    0.00    0.00    0.00    0.00    0.00    0.00    0.00    0.00    0.00  100.00

02:57:27     CPU    %usr   %nice    %sys %iowait    %irq   %soft  %steal  %guest  %gnice   %idle
02:57:28     all    0.00    0.00    0.00    0.00    0.00    0.00    0.00    0.00    0.00  100.00
02:57:28       0    0.00    0.00    0.00    0.00    0.00    0.00    0.00    0.00    0.00  100.00
02:57:28       1    0.00    0.00    0.00    0.00    0.00    0.00    0.00    0.00    0.00  100.00
02:57:28       2    0.00    0.00    0.00    0.00    0.00    0.00    0.00    0.00    0.00  100.00
02:57:28       3    0.00    0.00    0.00    0.00    0.00    0.00    0.00    0.00    0.00  100.00
02:57:28       4    0.00    0.00    0.00    0.00    0.00    0.00    0.00    0.00    0.00  100.00
02:57:28       5    0.00    0.00    0.00    0.00    0.00    0.00    0.00    0.00    0.00  100.00
02:57:28       6    0.00    0.00    0.00    0.00    0.00    0.00    0.00    0.00    0.00  100.00
02:57:28       7    0.00    0.00    0.00    0.00    0.00    0.00    0.00    0.00    0.00  100.00
02:57:28       8    0.00    0.00    0.00    0.00    0.00    0.00    0.00    0.00    0.00  100.00
02:57:28       9    0.00    0.00    0.00    0.00    0.00    0.00    0.00    0.00    0.00  100.00
02:57:28      10    0.00    0.00    0.00    0.00    0.00    0.00    0.00    0.00    0.00  100.00
02:57:28      11    0.00    0.00    0.00    0.00    0.00    0.00    0.00    0.00    0.00  100.00
02:57:28      12    0.00    0.00    0.00    0.00    0.00    0.00    0.00    0.00    0.00  100.00
02:57:28      13    0.00    0.00    0.00    0.00    0.00    0.00    0.00    0.00    0.00  100.00
02:57:28      14    0.00    0.00    0.00    0.00    0.00    0.00    0.00    0.00    0.00  100.00
02:57:28      15    0.00    0.00    0.00    0.00    0.00    0.00    0.00    0.00    0.00  100.00
02:57:28      16    0.00    0.00    0.00    0.00    0.00    0.00    0.00    0.00    0.00  100.00
02:57:28      17    0.00    0.00    0.00    0.00    0.00    0.00    0.00    0.00    0.00  100.00
02:57:28      18    0.00    0.00    0.00    0.00    0.00    0.00    0.00    0.00    0.00  100.00
02:57:28      19    0.00    0.00    0.00    0.00    0.00    0.00    0.00    0.00    0.00  100.00
02:57:28      20    0.00    0.00    0.00    0.00    0.00    0.00    0.00    0.00    0.00  100.00
02:57:28      21    0.00    0.00    0.00    0.00    0.00    0.00    0.00    0.00    0.00  100.00
02:57:28      22    0.00    0.00    0.00    0.00    0.00    0.00    0.00    0.00    0.00  100.00
02:57:28      23    0.00    0.00    0.00    0.00    0.00    0.00    0.00    0.00    0.00  100.00
02:57:28      24    0.00    0.00    0.00    0.00    0.00    0.00    0.00    0.00    0.00  100.00
02:57:28      25    0.00    0.00    0.00    0.00    0.00    0.00    0.00    0.00    0.00  100.00
02:57:28      26    0.00    0.00    0.00    0.00    0.00    0.00    0.00    0.00    0.00  100.00
02:57:28      27    0.00    0.00    0.00    0.00    0.00    0.00    0.00    0.00    0.00  100.00
02:57:28      28    0.00    0.00    0.00    0.00    0.00    0.00    0.00    0.00    0.00  100.00
02:57:28      29    0.00    0.00    0.00    0.00    0.00    0.00    0.00    0.00    0.00  100.00
02:57:28      30    0.00    0.00    0.00    0.00    0.00    0.00    0.00    0.00    0.00  100.00
02:57:28      31    0.00    0.00    0.00    0.00    0.00    0.00    0.00    0.00    0.00  100.00
02:57:28      32    0.00    0.00    0.00    0.00    0.00    0.00    0.00    0.00    0.00  100.00
02:57:28      33    0.00    0.00    0.00    0.00    0.00    0.00    0.00    0.00    0.00  100.00
02:57:28      34    0.00    0.00    0.00    0.00    0.00    0.00    0.00    0.00    0.00  100.00
02:57:28      35    0.00    0.00    0.00    0.00    0.00    0.00    0.00    0.00    0.00  100.00
02:57:28      36    0.00    0.00    0.00    0.00    0.00    0.00    0.00    0.00    0.00  100.00
02:57:28      37    0.00    0.00    0.00    0.00    0.00    0.00    0.00    0.00    0.00  100.00
02:57:28      38    0.00    0.00    0.00    0.00    0.00    0.00    0.00    0.00    0.00  100.00
02:57:28      39    0.00    0.00    0.00    0.00    0.00    0.00    0.00    0.00    0.00  100.00
02:57:28      40    0.00    0.00    0.00    0.00    0.00    0.00    0.00    0.00    0.00  100.00
02:57:28      41    0.00    0.00    0.00    0.00    0.00    0.00    0.00    0.00    0.00  100.00
02:57:28      42    0.00    0.00    0.00    0.00    0.00    0.00    0.00    0.00    0.00  100.00
02:57:28      43    0.00    0.00    0.00    0.00    0.00    0.00    0.00    0.00    0.00  100.00
02:57:28      44    0.00    0.00    0.00    0.00    0.00    0.00    0.00    0.00    0.00  100.00
02:57:28      45    0.00    0.00    0.00    0.00    0.00    0.00    0.00    0.00    0.00  100.00
02:57:28      46    0.00    0.00    0.00    0.00    0.00    0.00    0.00    0.00    0.00  100.00
02:57:28      47    0.00    0.00    0.00    0.00    0.00    0.00    0.00    0.00    0.00  100.00
02:57:28      48    0.00    0.00    0.00    0.00    0.00    0.00    0.00    0.00    0.00  100.00
02:57:28      49    0.00    0.00    0.00    0.00    0.00    0.00    0.00    0.00    0.00  100.00
02:57:28      50    0.00    0.00    0.00    0.00    0.00    0.00    0.00    0.00    0.00  100.00
02:57:28      51    0.00    0.00    0.00    0.00    0.00    0.00    0.00    0.00    0.00  100.00
02:57:28      52    0.00    0.00    0.00    0.00    0.00    0.00    0.00    0.00    0.00  100.00
02:57:28      53    0.00    0.00    0.00    0.00    0.00    0.00    0.00    0.00    0.00  100.00
02:57:28      54    0.00    0.00    0.00    0.00    0.00    0.00    0.00    0.00    0.00  100.00
02:57:28      55    0.00    0.00    0.00    0.00    0.00    0.00    0.00    0.00    0.00  100.00
02:57:28      56    0.00    0.00    0.00    0.00    0.00    0.00    0.00    0.00    0.00  100.00
02:57:28      57    0.00    0.00    0.00    0.00    0.00    0.00    0.00    0.00    0.00  100.00
02:57:28      58    0.00    0.00    0.00    0.00    0.00    0.00    0.00    0.00    0.00  100.00
02:57:28      59    0.00    0.00    0.00    0.00    0.00    0.00    0.00    0.00    0.00  100.00
02:57:28      60    0.00    0.00    0.00    0.00    0.00    0.00    0.00    0.00    0.00  100.00
02:57:28      61    0.00    0.00    0.00    0.00    0.00    0.00    0.00    0.00    0.00  100.00
02:57:28      62    0.00    0.00    0.00    0.00    0.00    0.00    0.00    0.00    0.00  100.00
02:57:28      63    0.00    0.00    0.00    0.00    0.00    0.00    0.00    0.00    0.00  100.00
02:57:28      64    0.00    0.00    0.00    0.00    0.00    0.00    0.00    0.00    0.00  100.00
02:57:28      65    0.00    0.00    0.00    0.00    0.00    0.00    0.00    0.00    0.00  100.00
02:57:28      66    0.00    0.00    0.00    0.00    0.00    0.00    0.00    0.00    0.00  100.00
02:57:28      67    0.00    0.00    0.00    0.00    0.00    0.00    0.00    0.00    0.00  100.00
02:57:28      68    0.00    0.00    0.00    0.00    0.00    0.00    0.00    0.00    0.00  100.00
02:57:28      69    0.00    0.00    0.00    0.00    0.00    0.00    0.00    0.00    0.00  100.00
02:57:28      70    0.00    0.00    0.00    0.00    0.00    0.00    0.00    0.00    0.00  100.00
02:57:28      71    0.00    0.00    0.00    0.00    0.00    0.00    0.00    0.00    0.00  100.00
02:57:28      72    0.00    0.00    0.00    0.00    0.00    0.00    0.00    0.00    0.00  100.00
02:57:28      73    0.00    0.00    0.00    0.00    0.00    0.00    0.00    0.00    0.00  100.00
02:57:28      74    0.00    0.00    0.00    0.00    0.00    0.00    0.00    0.00    0.00  100.00
02:57:28      75    0.00    0.00    0.00    0.00    0.00    0.00    0.00    0.00    0.00  100.00
02:57:28      76    0.00    0.00    0.00    0.00    0.00    0.00    0.00    0.00    0.00  100.00
02:57:28      77    0.00    0.00    0.00    0.00    0.00    0.00    0.00    0.00    0.00  100.00
02:57:28      78    0.00    0.00    0.00    0.00    0.00    0.00    0.00    0.00    0.00  100.00
02:57:28      79    0.00    0.00    0.00    0.00    0.00    0.00    0.00    0.00    0.00  100.00
02:57:28      80    0.00    0.00    0.00    0.00    0.00    0.00    0.00    0.00    0.00  100.00
02:57:28      81    0.00    0.00    0.00    0.00    0.00    0.00    0.00    0.00    0.00  100.00
02:57:28      82    0.00    0.00    0.00    0.00    0.00    0.00    0.00    0.00    0.00  100.00
02:57:28      83    0.00    0.00    0.00    0.00    0.00    0.00    0.00    0.00    0.00  100.00
02:57:28      84    0.00    0.00    0.00    0.00    0.00    0.00    0.00    0.00    0.00  100.00
02:57:28      85    0.00    0.00    0.00    0.00    0.00    0.00    0.00    0.00    0.00  100.00
02:57:28      86    0.00    0.00    0.00    0.00    0.00    0.00    0.00    0.00    0.00  100.00
02:57:28      87    0.00    0.00    0.00    0.00    0.00    0.00    0.00    0.00    0.00  100.00
02:57:28      88    0.00    0.00    0.00    0.00    0.00    0.00    0.00    0.00    0.00  100.00
02:57:28      89    0.00    0.00    0.00    0.00    0.00    0.00    0.00    0.00    0.00  100.00
02:57:28      90    0.00    0.00    0.00    0.00    0.00    0.00    0.00    0.00    0.00  100.00
02:57:28      91    0.00    0.00    0.00    0.00    0.00    0.00    0.00    0.00    0.00  100.00
02:57:28      92    0.00    0.00    0.00    0.00    0.00    0.00    0.00    0.00    0.00  100.00
02:57:28      93    0.00    0.00    0.00    0.00    0.00    0.00    0.00    0.00    0.00  100.00
02:57:28      94    0.00    0.00    0.00    0.00    0.00    0.00    0.00    0.00    0.00  100.00
02:57:28      95    0.00    0.00    0.00    0.00    0.00    0.00    0.00    0.00    0.00  100.00

02:57:28     CPU    %usr   %nice    %sys %iowait    %irq   %soft  %steal  %guest  %gnice   %idle
02:57:29     all    0.00    0.00    0.00    0.00    0.00    0.00    0.00    0.00    0.00  100.00
02:57:29       0    0.00    0.00    0.00    0.00    0.00    0.00    0.00    0.00    0.00  100.00
02:57:29       1    0.00    0.00    0.00    0.00    0.00    0.00    0.00    0.00    0.00  100.00
02:57:29       2    0.00    0.00    0.00    0.00    0.00    0.00    0.00    0.00    0.00  100.00
02:57:29       3    0.00    0.00    0.00    0.00    0.00    0.00    0.00    0.00    0.00  100.00
02:57:29       4    0.00    0.00    0.00    0.00    0.00    0.00    0.00    0.00    0.00  100.00
02:57:29       5    0.00    0.00    0.00    0.00    0.00    0.00    0.00    0.00    0.00  100.00
02:57:29       6    0.00    0.00    0.00    0.00    0.00    0.00    0.00    0.00    0.00  100.00
02:57:29       7    0.00    0.00    0.00    0.00    0.00    0.00    0.00    0.00    0.00  100.00
02:57:29       8    0.00    0.00    0.00    0.00    0.00    0.00    0.00    0.00    0.00  100.00
02:57:29       9    0.00    0.00    0.00    0.00    0.00    0.00    0.00    0.00    0.00  100.00
02:57:29      10    0.00    0.00    0.00    0.00    0.00    0.00    0.00    0.00    0.00  100.00
02:57:29      11    0.00    0.00    0.00    0.00    0.00    0.00    0.00    0.00    0.00  100.00
02:57:29      12    0.00    0.00    0.00    0.00    0.00    0.00    0.00    0.00    0.00  100.00
02:57:29      13    0.00    0.00    0.00    0.00    0.00    0.00    0.00    0.00    0.00  100.00
02:57:29      14    0.00    0.00    0.00    0.00    0.00    0.00    0.00    0.00    0.00  100.00
02:57:29      15    0.00    0.00    0.00    0.00    0.00    0.00    0.00    0.00    0.00  100.00
02:57:29      16    0.00    0.00    0.00    0.00    0.00    0.00    0.00    0.00    0.00  100.00
02:57:29      17    0.00    0.00    0.00    0.00    0.00    0.00    0.00    0.00    0.00  100.00
02:57:29      18    0.00    0.00    0.00    0.00    0.00    0.00    0.00    0.00    0.00  100.00
02:57:29      19    0.00    0.00    0.00    0.00    0.00    0.00    0.00    0.00    0.00  100.00
02:57:29      20    0.00    0.00    0.00    0.00    0.00    0.00    0.00    0.00    0.00  100.00
02:57:29      21    0.00    0.00    0.00    0.00    0.00    0.00    0.00    0.00    0.00  100.00
02:57:29      22    0.00    0.00    0.00    0.00    0.00    0.00    0.00    0.00    0.00  100.00
02:57:29      23    0.00    0.00    0.00    0.00    0.00    0.00    0.00    0.00    0.00  100.00
02:57:29      24    0.00    0.00    0.00    0.00    0.00    0.00    0.00    0.00    0.00  100.00
02:57:29      25    0.00    0.00    0.00    0.00    0.00    0.00    0.00    0.00    0.00  100.00
02:57:29      26    0.00    0.00    0.00    0.00    0.00    0.00    0.00    0.00    0.00  100.00
02:57:29      27    0.00    0.00    0.00    0.00    0.00    0.00    0.00    0.00    0.00  100.00
02:57:29      28    0.00    0.00    0.00    0.00    0.00    0.00    0.00    0.00    0.00  100.00
02:57:29      29    0.00    0.00    0.00    0.00    0.00    0.00    0.00    0.00    0.00  100.00
02:57:29      30    0.00    0.00    0.00    0.00    0.00    0.00    0.00    0.00    0.00  100.00
02:57:29      31    0.00    0.00    0.00    0.00    0.00    0.00    0.00    0.00    0.00  100.00
02:57:29      32    0.00    0.00    0.00    0.00    0.00    0.00    0.00    0.00    0.00  100.00
02:57:29      33    0.00    0.00    0.00    0.00    0.00    0.00    0.00    0.00    0.00  100.00
02:57:29      34    0.00    0.00    0.00    0.00    0.00    0.00    0.00    0.00    0.00  100.00
02:57:29      35    0.00    0.00    0.00    0.00    0.00    0.00    0.00    0.00    0.00  100.00
02:57:29      36    0.00    0.00    0.00    0.00    0.00    0.00    0.00    0.00    0.00  100.00
02:57:29      37    0.00    0.00    0.00    0.00    0.00    0.00    0.00    0.00    0.00  100.00
02:57:29      38    0.00    0.00    0.00    0.00    0.00    0.00    0.00    0.00    0.00  100.00
02:57:29      39    0.00    0.00    0.00    0.00    0.00    0.00    0.00    0.00    0.00  100.00
02:57:29      40    0.00    0.00    0.00    0.00    0.00    0.00    0.00    0.00    0.00  100.00
02:57:29      41    0.00    0.00    0.00    0.00    0.00    0.00    0.00    0.00    0.00  100.00
02:57:29      42    0.00    0.00    0.00    0.00    0.00    0.00    0.00    0.00    0.00  100.00
02:57:29      43    0.00    0.00    0.00    0.00    0.00    0.00    0.00    0.00    0.00  100.00
02:57:29      44    0.00    0.00    0.00    0.00    0.00    0.00    0.00    0.00    0.00  100.00
02:57:29      45    0.00    0.00    0.00    0.00    0.00    0.00    0.00    0.00    0.00  100.00
02:57:29      46    0.00    0.00    0.00    0.00    0.00    0.00    0.00    0.00    0.00  100.00
02:57:29      47    0.00    0.00    0.00    0.00    0.00    0.00    0.00    0.00    0.00  100.00
02:57:29      48    0.00    0.00    0.00    0.00    0.00    0.00    0.00    0.00    0.00  100.00
02:57:29      49    0.00    0.00    0.00    0.00    0.00    0.00    0.00    0.00    0.00  100.00
02:57:29      50    0.00    0.00    0.00    0.00    0.00    0.00    0.00    0.00    0.00  100.00
02:57:29      51    0.00    0.00    0.00    0.00    0.00    0.00    0.00    0.00    0.00  100.00
02:57:29      52    0.00    0.00    0.00    0.00    0.00    0.00    0.00    0.00    0.00  100.00
02:57:29      53    0.00    0.00    0.00    0.00    0.00    0.00    0.00    0.00    0.00  100.00
02:57:29      54    0.00    0.00    0.00    0.00    0.00    0.00    0.00    0.00    0.00  100.00
02:57:29      55    0.00    0.00    0.00    0.00    0.00    0.00    0.00    0.00    0.00  100.00
02:57:29      56    0.00    0.00    0.00    0.00    0.00    0.00    0.00    0.00    0.00  100.00
02:57:29      57    0.00    0.00    0.00    0.00    0.00    0.00    0.00    0.00    0.00  100.00
02:57:29      58    0.00    0.00    0.00    0.00    0.00    0.00    0.00    0.00    0.00  100.00
02:57:29      59    0.00    0.00    0.00    0.00    0.00    0.00    0.00    0.00    0.00  100.00
02:57:29      60    0.00    0.00    0.00    0.00    0.00    0.00    0.00    0.00    0.00  100.00
02:57:29      61    0.00    0.00    0.00    0.00    0.00    0.00    0.00    0.00    0.00  100.00
02:57:29      62    0.00    0.00    0.00    0.00    0.00    0.00    0.00    0.00    0.00  100.00
02:57:29      63    0.00    0.00    0.00    0.00    0.00    0.00    0.00    0.00    0.00  100.00
02:57:29      64    0.00    0.00    0.00    0.00    0.00    0.00    0.00    0.00    0.00  100.00
02:57:29      65    0.00    0.00    0.00    0.00    0.00    0.00    0.00    0.00    0.00  100.00
02:57:29      66    0.00    0.00    0.00    0.00    0.00    0.00    0.00    0.00    0.00  100.00
02:57:29      67    0.00    0.00    0.00    0.00    0.00    0.00    0.00    0.00    0.00  100.00
02:57:29      68    0.00    0.00    0.00    0.00    0.00    0.00    0.00    0.00    0.00  100.00
02:57:29      69    0.00    0.00    0.00    0.00    0.00    0.00    0.00    0.00    0.00  100.00
02:57:29      70    0.00    0.00    0.00    0.00    0.00    0.00    0.00    0.00    0.00  100.00
02:57:29      71    0.00    0.00    0.00    0.00    0.00    0.00    0.00    0.00    0.00  100.00
02:57:29      72    0.00    0.00    0.00    0.00    0.00    0.00    0.00    0.00    0.00  100.00
02:57:29      73    0.00    0.00    0.00    0.00    0.00    0.00    0.00    0.00    0.00  100.00
02:57:29      74    0.00    0.00    0.00    0.00    0.00    0.00    0.00    0.00    0.00  100.00
02:57:29      75    0.00    0.00    0.00    0.00    0.00    0.00    0.00    0.00    0.00  100.00
02:57:29      76    0.00    0.00    0.00    0.00    0.00    0.00    0.00    0.00    0.00  100.00
02:57:29      77    0.00    0.00    0.00    0.00    0.00    0.00    0.00    0.00    0.00  100.00
02:57:29      78    0.00    0.00    0.00    0.00    0.00    0.00    0.00    0.00    0.00  100.00
02:57:29      79    0.00    0.00    0.00    0.00    0.00    0.00    0.00    0.00    0.00  100.00
02:57:29      80    0.00    0.00    0.00    0.00    0.00    0.00    0.00    0.00    0.00  100.00
02:57:29      81    0.00    0.00    0.00    0.00    0.00    0.00    0.00    0.00    0.00  100.00
02:57:29      82    0.00    0.00    0.00    0.00    0.00    0.00    0.00    0.00    0.00  100.00
02:57:29      83    0.00    0.00    0.00    0.00    0.00    0.00    0.00    0.00    0.00  100.00
02:57:29      84    0.00    0.00    0.00    0.00    0.00    0.00    0.00    0.00    0.00  100.00
02:57:29      85    0.00    0.00    0.00    0.00    0.00    0.00    0.00    0.00    0.00  100.00
02:57:29      86    0.00    0.00    0.00    0.00    0.00    0.00    0.00    0.00    0.00  100.00
02:57:29      87    0.00    0.00    0.00    0.00    0.00    0.00    0.00    0.00    0.00  100.00
02:57:29      88    0.00    0.00    0.00    0.00    0.00    0.00    0.00    0.00    0.00  100.00
02:57:29      89    0.00    0.00    0.00    0.00    0.00    0.00    0.00    0.00    0.00  100.00
02:57:29      90    0.00    0.00    0.00    0.00    0.00    0.00    0.00    0.00    0.00  100.00
02:57:29      91    0.00    0.00    0.00    0.00    0.00    0.00    0.00    0.00    0.00  100.00
02:57:29      92    0.00    0.00    0.00    0.00    0.00    0.00    0.00    0.00    0.00  100.00
02:57:29      93    0.00    0.00    0.00    0.00    0.00    0.00    0.00    0.00    0.00  100.00
02:57:29      94    0.00    0.00    0.00    0.00    0.00    0.00    0.00    0.00    0.00  100.00
02:57:29      95    0.00    0.00    0.00    0.00    0.00    0.00    0.00    0.00    0.00  100.00

Average:     CPU    %usr   %nice    %sys %iowait    %irq   %soft  %steal  %guest  %gnice   %idle
Average:     all   14.56    0.00    0.13    0.04    0.00    0.00    0.00    0.00    0.00   85.27
Average:       0   28.93    0.00    0.07    0.07    0.00    0.00    0.00    0.00    0.00   70.93
Average:       1    0.00    0.00    0.00    0.00    0.00    0.00    0.00    0.00    0.00  100.00
Average:       2    0.00    0.00    0.00    0.00    0.00    0.00    0.00    0.00    0.00  100.00
Average:       3    0.00    0.00    0.00    0.00    0.00    0.00    0.00    0.00    0.00  100.00
Average:       4    0.00    0.00    0.00    0.00    0.00    0.00    0.00    0.00    0.00  100.00
Average:       5    0.00    0.00    0.00    0.00    0.00    0.00    0.00    0.00    0.00  100.00
Average:       6    0.00    0.00    0.00    0.00    0.00    0.00    0.00    0.00    0.00  100.00
Average:       7   12.61    0.00    0.00    0.00    0.00    0.00    0.00    0.00    0.00   87.39
Average:       8   28.91    0.00    0.07    0.13    0.00    0.00    0.00    0.00    0.00   70.89
Average:       9   17.32    0.00    0.07    0.00    0.00    0.00    0.00    0.00    0.00   82.61
Average:      10   29.00    0.00    0.07    0.07    0.00    0.00    0.00    0.00    0.00   70.87
Average:      11    0.00    0.00    0.00    0.00    0.00    0.00    0.00    0.00    0.00  100.00
Average:      12    0.00    0.00    0.00    0.00    0.00    0.00    0.00    0.00    0.00  100.00
Average:      13   28.98    0.00    0.07    0.07    0.00    0.00    0.00    0.00    0.00   70.89
Average:      14   28.91    0.00    0.13    0.13    0.00    0.00    0.00    0.00    0.00   70.82
Average:      15    0.00    0.00    0.00    0.00    0.00    0.00    0.00    0.00    0.00  100.00
Average:      16   28.93    0.00    0.07    0.07    0.00    0.00    0.00    0.00    0.00   70.93
Average:      17   19.73    0.00    1.27    0.00    0.00    0.00    0.00    0.00    0.00   79.00
Average:      18   18.13    0.00    0.07    0.00    0.00    0.00    0.00    0.00    0.00   81.80
Average:      19   14.28    0.00    0.00    0.00    0.00    0.00    0.00    0.00    0.00   85.72
Average:      20   10.01    0.00    0.00    0.00    0.00    0.00    0.00    0.00    0.00   89.99
Average:      21    0.00    0.00    0.00    0.00    0.00    0.00    0.00    0.00    0.00  100.00
Average:      22    0.00    0.00    0.00    0.00    0.00    0.00    0.00    0.00    0.00  100.00
Average:      23    0.00    0.00    0.00    0.00    0.00    0.00    0.00    0.00    0.00  100.00
Average:      24   29.00    0.00    0.07    0.07    0.00    0.00    0.00    0.00    0.00   70.87
Average:      25    0.00    0.00    0.00    0.00    0.00    0.00    0.00    0.00    0.00  100.00
Average:      26    0.00    0.00    0.00    0.00    0.00    0.00    0.00    0.00    0.00  100.00
Average:      27    0.00    0.00    0.00    0.00    0.00    0.00    0.00    0.00    0.00  100.00
Average:      28    0.00    0.00    0.00    0.00    0.00    0.00    0.00    0.00    0.00  100.00
Average:      29    0.00    0.00    0.00    0.00    0.00    0.00    0.00    0.00    0.00  100.00
Average:      30    0.00    0.00    0.00    0.00    0.00    0.00    0.00    0.00    0.00  100.00
Average:      31   28.95    0.00    0.07    0.07    0.00    0.00    0.00    0.00    0.00   70.91
Average:      32    0.00    0.00    0.00    0.00    0.00    0.00    0.00    0.00    0.00  100.00
Average:      33    0.00    0.00    0.00    0.00    0.00    0.00    0.00    0.00    0.00  100.00
Average:      34    0.00    0.00    0.00    0.00    0.00    0.00    0.00    0.00    0.00  100.00
Average:      35    0.00    0.00    0.00    0.00    0.00    0.00    0.00    0.00    0.00  100.00
Average:      36    0.00    0.00    0.00    0.00    0.00    0.00    0.00    0.00    0.00  100.00
Average:      37    0.00    0.00    0.00    0.00    0.00    0.00    0.00    0.00    0.00  100.00
Average:      38    0.00    0.00    0.00    0.00    0.00    0.00    0.00    0.00    0.00  100.00
Average:      39    0.00    0.00    0.00    0.00    0.00    0.00    0.00    0.00    0.00  100.00
Average:      40   28.93    0.00    0.13    0.07    0.00    0.00    0.00    0.00    0.00   70.87
Average:      41    0.00    0.00    0.00    0.00    0.00    0.00    0.00    0.00    0.00  100.00
Average:      42    0.00    0.00    0.00    0.00    0.00    0.00    0.00    0.00    0.00  100.00
Average:      43    0.00    0.00    0.00    0.00    0.00    0.00    0.00    0.00    0.00  100.00
Average:      44    0.87    0.00    0.00    0.00    0.00    0.00    0.00    0.00    0.00   99.13
Average:      45    0.00    0.00    0.00    0.00    0.00    0.00    0.00    0.00    0.00  100.00
Average:      46    0.00    0.00    0.00    0.00    0.00    0.00    0.00    0.00    0.00  100.00
Average:      47    0.00    0.00    0.00    0.00    0.00    0.00    0.00    0.00    0.00  100.00
Average:      48    0.00    0.00    0.00    0.00    0.00    0.00    0.00    0.00    0.00  100.00
Average:      49   29.00    0.00    0.07    0.00    0.00    0.00    0.00    0.00    0.00   70.93
Average:      50   28.91    0.00    0.13    0.07    0.00    0.00    0.00    0.00    0.00   70.89
Average:      51   28.91    0.00    0.07    0.07    0.00    0.00    0.00    0.00    0.00   70.95
Average:      52   28.93    0.00    0.13    0.07    0.00    0.00    0.00    0.00    0.00   70.87
Average:      53   28.95    0.00    0.07    0.07    0.00    0.00    0.00    0.00    0.00   70.91
Average:      54   28.87    0.00    0.13    0.07    0.00    0.00    0.00    0.00    0.00   70.93
Average:      55   16.39    0.00    0.07    0.07    0.00    0.00    0.00    0.00    0.00   83.48
Average:      56    0.00    0.00    0.00    0.00    0.00    0.00    0.00    0.00    0.00  100.00
Average:      57   11.67    0.00    0.00    0.07    0.00    0.00    0.00    0.00    0.00   88.27
Average:      58    0.00    0.00    0.00    0.00    0.00    0.00    0.00    0.00    0.00  100.00
Average:      59   28.93    0.00    0.07    0.07    0.00    0.00    0.00    0.00    0.00   70.93
Average:      60   28.87    0.00    0.13    0.07    0.00    0.00    0.00    0.00    0.00   70.93
Average:      61    0.00    0.00    0.00    0.00    0.00    0.00    0.00    0.00    0.00  100.00
Average:      62    0.07    0.00    0.07    0.00    0.00    0.00    0.00    0.00    0.00   99.87
Average:      63   28.87    0.00    0.13    0.07    0.00    0.00    0.00    0.00    0.00   70.93
Average:      64    0.00    0.00    0.00    0.00    0.00    0.00    0.00    0.00    0.00  100.00
Average:      65   18.19    0.00    7.33    0.07    0.00    0.00    0.00    0.00    0.00   74.42
Average:      66   10.79    0.00    0.07    0.13    0.00    0.00    0.00    0.00    0.00   89.01
Average:      67   14.66    0.00    0.07    0.07    0.00    0.00    0.00    0.00    0.00   85.21
Average:      68   18.87    0.00    0.07    0.13    0.00    0.00    0.00    0.00    0.00   80.93
Average:      69   28.93    0.00    0.13    0.07    0.00    0.00    0.00    0.00    0.00   70.87
Average:      70   28.91    0.00    0.13    0.07    0.00    0.00    0.00    0.00    0.00   70.89
Average:      71   28.89    0.00    0.07    0.13    0.00    0.00    0.00    0.00    0.00   70.91
Average:      72    0.00    0.00    0.00    0.00    0.00    0.00    0.00    0.00    0.00  100.00
Average:      73   28.89    0.00    0.07    0.13    0.00    0.00    0.00    0.00    0.00   70.91
Average:      74   28.93    0.00    0.07    0.13    0.00    0.00    0.00    0.00    0.00   70.87
Average:      75   28.91    0.00    0.07    0.07    0.00    0.00    0.00    0.00    0.00   70.96
Average:      76   28.93    0.00    0.13    0.00    0.00    0.00    0.00    0.00    0.00   70.93
Average:      77   28.93    0.00    0.07    0.07    0.00    0.00    0.00    0.00    0.00   70.93
Average:      78   28.93    0.00    0.07    0.13    0.00    0.00    0.00    0.00    0.00   70.87
Average:      79    0.00    0.00    0.00    0.00    0.00    0.00    0.00    0.00    0.00  100.00
Average:      80   28.91    0.00    0.07    0.13    0.00    0.00    0.00    0.00    0.00   70.89
Average:      81   28.96    0.00    0.07    0.13    0.00    0.00    0.00    0.00    0.00   70.84
Average:      82   28.91    0.00    0.07    0.07    0.00    0.00    0.00    0.00    0.00   70.96
Average:      83   28.91    0.00    0.07    0.13    0.00    0.00    0.00    0.00    0.00   70.89
Average:      84   28.93    0.00    0.07    0.07    0.00    0.00    0.00    0.00    0.00   70.93
Average:      85   28.93    0.00    0.13    0.00    0.00    0.00    0.00    0.00    0.00   70.93
Average:      86   28.89    0.00    0.07    0.07    0.00    0.00    0.00    0.00    0.00   70.98
Average:      87   28.93    0.00    0.07    0.07    0.00    0.00    0.00    0.00    0.00   70.93
Average:      88    0.00    0.00    0.00    0.00    0.00    0.00    0.00    0.00    0.00  100.00
Average:      89   28.91    0.00    0.13    0.07    0.00    0.00    0.00    0.00    0.00   70.89
Average:      90   28.89    0.00    0.07    0.07    0.00    0.00    0.00    0.00    0.00   70.98
Average:      91   28.89    0.00    0.13    0.00    0.00    0.00    0.00    0.00    0.00   70.98
Average:      92   28.07    0.00    0.07    0.07    0.00    0.00    0.00    0.00    0.00   71.80
Average:      93   28.87    0.00    0.13    0.07    0.00    0.00    0.00    0.00    0.00   70.93
Average:      94   29.00    0.00    0.07    0.07    0.00    0.00    0.00    0.00    0.00   70.87
Average:      95   28.89    0.00    0.13    0.00    0.00    0.00    0.00    0.00    0.00   70.98
